{
  "type": "FeatureCollection",
  "features": [
    {
      "type": "Feature",
      "properties": {
        "name": "Hanson Rd - LH Mode"
      },
      "geometry": {
        "type": "Polygon",
        "coordinates": [
          [
            [
              -89.31705673346228,
              43.15145623467497
            ],
            [
              -89.31697120613639,
              43.15145077567205
            ],
            [
              -89.31688827755971,
              43.15143456453521
            ],
            [
              -89.31681046751433,
              43.15140809383991
            ],
            [
              -89.31674014024833,
              43.15137216789753
            ],
            [
              -89.31667943263558,
              43.151327878315165
            ],
            [
              -89.31663018924617,
              43.151276570825935
            ],
            [
              -89.31659390630008,
              43.1512198043975
            ],
            [
              -89.31657168620707,
              43.15115930386172
            ],
            [
              -89.31656420407415,
              43.15109690750505
            ],
            [
              -89.31657168719745,
              43.15103451121208
            ],
            [
              -89.31659390816138,
              43.15097401085972
            ],
            [
              -89.31663019175392,
              43.150917244712296
            ],
            [
              -89.31667943548726,
              43.15086593756779
            ],
            [
              -89.31674014310002,
              43.15082164835227
            ],
            [
              -89.31681047002206,
              43.1507857227546
            ],
            [
              -89.31688827942101,
              43.15075925234031
            ],
            [
              -89.31697120712678,
              43.15074304138689
            ],
            [
              -89.31705673346228,
              43.150737582447675
            ],
            [
              -89.31714225979779,
              43.15074304138689
            ],
            [
              -89.31722518750357,
              43.15075925234031
            ],
            [
              -89.31730299690251,
              43.1507857227546
            ],
            [
              -89.31737332382455,
              43.15082164835227
            ],
            [
              -89.31743403143732,
              43.15086593756779
            ],
            [
              -89.31748327517066,
              43.150917244712296
            ],
            [
              -89.3175195587632,
              43.15097401085972
            ],
            [
              -89.31754177972712,
              43.15103451121208
            ],
            [
              -89.31754926285042,
              43.15109690750505
            ],
            [
              -89.3175417807175,
              43.15115930386172
            ],
            [
              -89.31751956062449,
              43.1512198043975
            ],
            [
              -89.3174832776784,
              43.151276570825935
            ],
            [
              -89.317434034289,
              43.151327878315165
            ],
            [
              -89.31737332667625,
              43.15137216789753
            ],
            [
              -89.31730299941023,
              43.15140809383991
            ],
            [
              -89.31722518936486,
              43.15143456453521
            ],
            [
              -89.31714226078819,
              43.15145077567205
            ],
            [
              -89.31705673346228,
              43.15145623467497
            ]
          ]
        ]
      }
    },
    {
      "type": "Feature",
      "properties": {
        "name": "Out Melvin-Rethke - LH Mode"
      },
      "geometry": {
        "type": "Polygon",
        "coordinates": [
          [
            [
              -89.33616189526573,
              43.109225075496205
            ],
            [
              -89.33607642697375,
              43.109219616493334
            ],
            [
              -89.33599355563716,
              43.109203405356624
            ],
            [
              -89.3359157992988,
              43.10917693466154
            ],
            [
              -89.33584552057475,
              43.1091410087194
            ],
            [
              -89.33578485486397,
              43.10909671913731
            ],
            [
              -89.33573564546339,
              43.10904541164834
            ],
            [
              -89.33569938756025,
              43.10898864522011
            ],
            [
              -89.33567718280348,
              43.10892814468447
            ],
            [
              -89.33566970583419,
              43.108865748327844
            ],
            [
              -89.33567718379172,
              43.108803352034826
            ],
            [
              -89.33569938941751,
              43.10874285168234
            ],
            [
              -89.33573564796569,
              43.10868608553471
            ],
            [
              -89.33578485770948,
              43.10863477838994
            ],
            [
              -89.33584552342026,
              43.108590489174155
            ],
            [
              -89.33591580180111,
              43.10855456357622
            ],
            [
              -89.33599355749445,
              43.10852809316174
            ],
            [
              -89.33607642796198,
              43.10851188220818
            ],
            [
              -89.33616189526573,
              43.108506423268906
            ],
            [
              -89.33624736256947,
              43.10851188220818
            ],
            [
              -89.336330233037,
              43.10852809316174
            ],
            [
              -89.33640798873036,
              43.10855456357622
            ],
            [
              -89.33647826711119,
              43.108590489174155
            ],
            [
              -89.33653893282197,
              43.10863477838994
            ],
            [
              -89.33658814256576,
              43.10868608553471
            ],
            [
              -89.33662440111394,
              43.10874285168234
            ],
            [
              -89.33664660673973,
              43.108803352034826
            ],
            [
              -89.33665408469726,
              43.108865748327844
            ],
            [
              -89.33664660772797,
              43.10892814468447
            ],
            [
              -89.3366244029712,
              43.10898864522011
            ],
            [
              -89.33658814506806,
              43.10904541164834
            ],
            [
              -89.33653893566748,
              43.10909671913731
            ],
            [
              -89.3364782699567,
              43.1091410087194
            ],
            [
              -89.33640799123265,
              43.10917693466154
            ],
            [
              -89.33633023489429,
              43.109203405356624
            ],
            [
              -89.3362473635577,
              43.109219616493334
            ],
            [
              -89.33616189526573,
              43.109225075496205
            ]
          ]
        ]
      }
    },
    {
      "type": "Feature",
      "properties": {
        "name": "In Melvin-Rethke - LH Mode"
      },
      "geometry": {
        "type": "Polygon",
        "coordinates": [
          [
            [
              -89.33610352948332,
              43.10949395463162
            ],
            [
              -89.33601806081589,
              43.10948849562875
            ],
            [
              -89.33593518911526,
              43.10947228449204
            ],
            [
              -89.33585743243532,
              43.10944581379696
            ],
            [
              -89.33578715340255,
              43.10940988785481
            ],
            [
              -89.33572648742528,
              43.10936559827273
            ],
            [
              -89.33567727780851,
              43.10931429078375
            ],
            [
              -89.33564101974609,
              43.10925752435552
            ],
            [
              -89.3356188148918,
              43.109197023819874
            ],
            [
              -89.33561133788967,
              43.10913462746325
            ],
            [
              -89.33561881588005,
              43.10907223117024
            ],
            [
              -89.33564102160341,
              43.10901173081774
            ],
            [
              -89.33567728031086,
              43.10895496467011
            ],
            [
              -89.33572649027083,
              43.10890365752535
            ],
            [
              -89.33578715624809,
              43.10885936830957
            ],
            [
              -89.33585743493765,
              43.10882344271163
            ],
            [
              -89.33593519097256,
              43.10879697229715
            ],
            [
              -89.33601806180414,
              43.108780761343596
            ],
            [
              -89.33610352948332,
              43.10877530240433
            ],
            [
              -89.33618899716251,
              43.108780761343596
            ],
            [
              -89.33627186799409,
              43.10879697229715
            ],
            [
              -89.336349624029,
              43.10882344271163
            ],
            [
              -89.33641990271856,
              43.10885936830957
            ],
            [
              -89.33648056869582,
              43.10890365752535
            ],
            [
              -89.3365297786558,
              43.10895496467011
            ],
            [
              -89.33656603736324,
              43.10901173081774
            ],
            [
              -89.3365882430866,
              43.10907223117024
            ],
            [
              -89.33659572107697,
              43.10913462746325
            ],
            [
              -89.33658824407485,
              43.109197023819874
            ],
            [
              -89.33656603922056,
              43.10925752435552
            ],
            [
              -89.33652978115813,
              43.10931429078375
            ],
            [
              -89.33648057154137,
              43.10936559827273
            ],
            [
              -89.3364199055641,
              43.10940988785481
            ],
            [
              -89.33634962653133,
              43.10944581379696
            ],
            [
              -89.33627186985139,
              43.10947228449204
            ],
            [
              -89.33618899815076,
              43.10948849562875
            ],
            [
              -89.33610352948332,
              43.10949395463162
            ]
          ]
        ]
      }
    },
    {
      "type": "Feature",
      "properties": {
        "name": "Out Marquette - LH Mode"
      },
      "geometry": {
        "type": "Polygon",
        "coordinates": [
          [
            [
              -89.3422608888354,
              43.10432788779298
            ],
            [
              -89.34217542738082,
              43.10432242879011
            ],
            [
              -89.34209256267384,
              43.10430621765342
            ],
            [
              -89.3420148125559,
              43.104279746958355
            ],
            [
              -89.34194453945403,
              43.10424382101625
            ],
            [
              -89.3418838785964,
              43.10419953143418
            ],
            [
              -89.34183467313244,
              43.104148223945245
            ],
            [
              -89.34179841812981,
              43.104091457517036
            ],
            [
              -89.34177621514931,
              43.10403095698142
            ],
            [
              -89.34176873877809,
              43.1039685606248
            ],
            [
              -89.3417762161373,
              43.10390616433177
            ],
            [
              -89.34179841998662,
              43.103845663979264
            ],
            [
              -89.34183467563412,
              43.103788897831606
            ],
            [
              -89.34188388144119,
              43.103737590686826
            ],
            [
              -89.34194454229883,
              43.103693301471
            ],
            [
              -89.34201481505757,
              43.10365737587304
            ],
            [
              -89.34209256453065,
              43.103630905458516
            ],
            [
              -89.3421754283688,
              43.10361469450495
            ],
            [
              -89.3422608888354,
              43.103609235565685
            ],
            [
              -89.342346349302,
              43.10361469450495
            ],
            [
              -89.34242921314015,
              43.103630905458516
            ],
            [
              -89.34250696261323,
              43.10365737587304
            ],
            [
              -89.34257723537196,
              43.103693301471
            ],
            [
              -89.3426378962296,
              43.103737590686826
            ],
            [
              -89.34268710203669,
              43.103788897831606
            ],
            [
              -89.34272335768418,
              43.103845663979264
            ],
            [
              -89.3427455615335,
              43.10390616433177
            ],
            [
              -89.34275303889272,
              43.1039685606248
            ],
            [
              -89.34274556252149,
              43.10403095698142
            ],
            [
              -89.34272335954098,
              43.104091457517036
            ],
            [
              -89.34268710453836,
              43.104148223945245
            ],
            [
              -89.3426378990744,
              43.10419953143418
            ],
            [
              -89.34257723821676,
              43.10424382101625
            ],
            [
              -89.34250696511491,
              43.104279746958355
            ],
            [
              -89.34242921499695,
              43.10430621765342
            ],
            [
              -89.34234635028999,
              43.10432242879011
            ],
            [
              -89.3422608888354,
              43.10432788779298
            ]
          ]
        ]
      }
    },
    {
      "type": "Feature",
      "properties": {
        "name": "In Marquette - LH Mode"
      },
      "geometry": {
        "type": "Polygon",
        "coordinates": [
          [
            [
              -89.34221007352298,
              43.10458351482713
            ],
            [
              -89.34212461171151,
              43.104578055824256
            ],
            [
              -89.34204174665854,
              43.104561844687574
            ],
            [
              -89.34196399621594,
              43.104535373992505
            ],
            [
              -89.34189372282064,
              43.10449944805039
            ],
            [
              -89.3418330617097,
              43.10445515846833
            ],
            [
              -89.3417838560403,
              43.104403850979395
            ],
            [
              -89.34174760088626,
              43.10434708455118
            ],
            [
              -89.34172539781306,
              43.104286584015554
            ],
            [
              -89.34171792141062,
              43.104224187658936
            ],
            [
              -89.34172539880106,
              43.10416179136592
            ],
            [
              -89.3417476027431,
              43.10410129101341
            ],
            [
              -89.34178385854199,
              43.10404452486575
            ],
            [
              -89.34183306455454,
              43.103993217720955
            ],
            [
              -89.34189372566547,
              43.10394892850515
            ],
            [
              -89.34196399871763,
              43.103913002907184
            ],
            [
              -89.34204174851537,
              43.10388653249267
            ],
            [
              -89.34212461269952,
              43.103870321539105
            ],
            [
              -89.34221007352298,
              43.103864862599835
            ],
            [
              -89.34229553434642,
              43.103870321539105
            ],
            [
              -89.34237839853058,
              43.10388653249267
            ],
            [
              -89.34245614832831,
              43.103913002907184
            ],
            [
              -89.34252642138047,
              43.10394892850515
            ],
            [
              -89.34258708249142,
              43.103993217720955
            ],
            [
              -89.34263628850395,
              43.10404452486575
            ],
            [
              -89.34267254430284,
              43.10410129101341
            ],
            [
              -89.34269474824488,
              43.10416179136592
            ],
            [
              -89.34270222563534,
              43.104224187658936
            ],
            [
              -89.34269474923289,
              43.104286584015554
            ],
            [
              -89.34267254615968,
              43.10434708455118
            ],
            [
              -89.34263629100566,
              43.104403850979395
            ],
            [
              -89.34258708533625,
              43.10445515846833
            ],
            [
              -89.34252642422531,
              43.10449944805039
            ],
            [
              -89.34245615083002,
              43.104535373992505
            ],
            [
              -89.34237840038742,
              43.104561844687574
            ],
            [
              -89.34229553533443,
              43.104578055824256
            ],
            [
              -89.34221007352298,
              43.10458351482713
            ]
          ]
        ]
      }
    },
    {
      "type": "Feature",
      "properties": {
        "name": "Out Fourth Street - LH Mode"
      },
      "geometry": {
        "type": "Polygon",
        "coordinates": [
          [
            [
              -89.35399244594586,
              43.09656609450841
            ],
            [
              -89.35390699532465,
              43.096560635505554
            ],
            [
              -89.35382414112189,
              43.09654442436889
            ],
            [
              -89.35374640085979,
              43.09651795367386
            ],
            [
              -89.35367613666592,
              43.096482027731795
            ],
            [
              -89.35361548349776,
              43.0964377381498
            ],
            [
              -89.35356628427114,
              43.09638643066091
            ],
            [
              -89.35353003386417,
              43.096329664232734
            ],
            [
              -89.35350783369805,
              43.09626916369713
            ],
            [
              -89.3535003582744,
              43.09620676734052
            ],
            [
              -89.35350783468564,
              43.09614437104749
            ],
            [
              -89.35353003572024,
              43.096083870694954
            ],
            [
              -89.35356628677182,
              43.096027104547254
            ],
            [
              -89.35361548634144,
              43.09597579740242
            ],
            [
              -89.35367613950959,
              43.09593150818655
            ],
            [
              -89.35374640336046,
              43.09589558258855
            ],
            [
              -89.35382414297797,
              43.095869112173986
            ],
            [
              -89.35390699631225,
              43.0958529012204
            ],
            [
              -89.35399244594586,
              43.09584744228112
            ],
            [
              -89.35407789557947,
              43.0958529012204
            ],
            [
              -89.35416074891376,
              43.095869112173986
            ],
            [
              -89.35423848853127,
              43.09589558258855
            ],
            [
              -89.35430875238214,
              43.09593150818655
            ],
            [
              -89.35436940555029,
              43.09597579740242
            ],
            [
              -89.3544186051199,
              43.096027104547254
            ],
            [
              -89.35445485617149,
              43.096083870694954
            ],
            [
              -89.35447705720608,
              43.09614437104749
            ],
            [
              -89.35448453361732,
              43.09620676734052
            ],
            [
              -89.35447705819368,
              43.09626916369713
            ],
            [
              -89.35445485802755,
              43.096329664232734
            ],
            [
              -89.35441860762059,
              43.09638643066091
            ],
            [
              -89.35436940839396,
              43.0964377381498
            ],
            [
              -89.3543087552258,
              43.096482027731795
            ],
            [
              -89.35423849103194,
              43.09651795367386
            ],
            [
              -89.35416075076984,
              43.09654442436889
            ],
            [
              -89.35407789656708,
              43.096560635505554
            ],
            [
              -89.35399244594586,
              43.09656609450841
            ]
          ]
        ]
      }
    },
    {
      "type": "Feature",
      "properties": {
        "name": "In Fourth Street - LH Mode"
      },
      "geometry": {
        "type": "Polygon",
        "coordinates": [
          [
            [
              -89.35384760132332,
              43.09680811458334
            ],
            [
              -89.35376215036439,
              43.09680265558048
            ],
            [
              -89.35367929583416,
              43.09678644444382
            ],
            [
              -89.35360155526479,
              43.09675997374879
            ],
            [
              -89.35353129079323,
              43.096724047806724
            ],
            [
              -89.35347063738536,
              43.09667975822472
            ],
            [
              -89.35342143796429,
              43.09662845073582
            ],
            [
              -89.35338518741403,
              43.09657168430765
            ],
            [
              -89.35336298716017,
              43.096511183772044
            ],
            [
              -89.35335551170698,
              43.09644878741543
            ],
            [
              -89.35336298814778,
              43.0963863911224
            ],
            [
              -89.35338518927013,
              43.096325890769876
            ],
            [
              -89.35342144046498,
              43.096269124622175
            ],
            [
              -89.35347064022905,
              43.09621781747734
            ],
            [
              -89.35353129363692,
              43.096173528261474
            ],
            [
              -89.3536015577655,
              43.09613760266347
            ],
            [
              -89.35367929769026,
              43.096111132248915
            ],
            [
              -89.35376215135199,
              43.09609492129532
            ],
            [
              -89.35384760132332,
              43.09608946235604
            ],
            [
              -89.35393305129466,
              43.09609492129532
            ],
            [
              -89.3540159049564,
              43.096111132248915
            ],
            [
              -89.35409364488115,
              43.09613760266347
            ],
            [
              -89.35416390900973,
              43.096173528261474
            ],
            [
              -89.3542245624176,
              43.09621781747734
            ],
            [
              -89.35427376218166,
              43.096269124622175
            ],
            [
              -89.35431001337652,
              43.096325890769876
            ],
            [
              -89.35433221449887,
              43.0963863911224
            ],
            [
              -89.35433969093967,
              43.09644878741543
            ],
            [
              -89.35433221548648,
              43.096511183772044
            ],
            [
              -89.35431001523261,
              43.09657168430765
            ],
            [
              -89.35427376468236,
              43.09662845073582
            ],
            [
              -89.35422456526129,
              43.09667975822472
            ],
            [
              -89.35416391185342,
              43.096724047806724
            ],
            [
              -89.35409364738186,
              43.09675997374879
            ],
            [
              -89.35401590681249,
              43.09678644444382
            ],
            [
              -89.35393305228226,
              43.09680265558048
            ],
            [
              -89.35384760132332,
              43.09680811458334
            ]
          ]
        ]
      }
    },
    {
      "type": "Feature",
      "properties": {
        "name": "Out First Street - LH Mode"
      },
      "geometry": {
        "type": "Polygon",
        "coordinates": [
          [
            [
              -89.35983450106644,
              43.09219819464891
            ],
            [
              -89.35974905653977,
              43.09219273564606
            ],
            [
              -89.35966620824634,
              43.09217652450941
            ],
            [
              -89.3595884735288,
              43.0921500538144
            ],
            [
              -89.35951821434631,
              43.092114127872364
            ],
            [
              -89.35945756550402,
              43.09206983829039
            ],
            [
              -89.35940836978631,
              43.09201853080152
            ],
            [
              -89.35937212196471,
              43.09196176437337
            ],
            [
              -89.35934992338187,
              43.091901263837784
            ],
            [
              -89.3593424484913,
              43.09183886748118
            ],
            [
              -89.35934992436925,
              43.09177647118814
            ],
            [
              -89.35937212382036,
              43.09171597083559
            ],
            [
              -89.35940837228644,
              43.09165920468788
            ],
            [
              -89.35945756834704,
              43.091607897543014
            ],
            [
              -89.35951821718933,
              43.09156360832712
            ],
            [
              -89.35958847602893,
              43.09152768272909
            ],
            [
              -89.35966621010199,
              43.091501212314505
            ],
            [
              -89.35974905752714,
              43.0914850013609
            ],
            [
              -89.35983450106644,
              43.09147954242162
            ],
            [
              -89.35991994460576,
              43.0914850013609
            ],
            [
              -89.36000279203091,
              43.091501212314505
            ],
            [
              -89.36008052610397,
              43.09152768272909
            ],
            [
              -89.36015078494357,
              43.09156360832712
            ],
            [
              -89.36021143378586,
              43.091607897543014
            ],
            [
              -89.36026062984647,
              43.09165920468788
            ],
            [
              -89.36029687831252,
              43.09171597083559
            ],
            [
              -89.36031907776365,
              43.09177647118814
            ],
            [
              -89.36032655364158,
              43.09183886748118
            ],
            [
              -89.36031907875102,
              43.091901263837784
            ],
            [
              -89.36029688016818,
              43.09196176437337
            ],
            [
              -89.36026063234658,
              43.09201853080152
            ],
            [
              -89.36021143662889,
              43.09206983829039
            ],
            [
              -89.36015078778658,
              43.092114127872364
            ],
            [
              -89.36008052860409,
              43.0921500538144
            ],
            [
              -89.36000279388657,
              43.09217652450941
            ],
            [
              -89.35991994559313,
              43.09219273564606
            ],
            [
              -89.35983450106644,
              43.09219819464891
            ]
          ]
        ]
      }
    },
    {
      "type": "Feature",
      "properties": {
        "name": "In First Street - LH Mode"
      },
      "geometry": {
        "type": "Polygon",
        "coordinates": [
          [
            [
              -89.3591984323683,
              43.09283256787416
            ],
            [
              -89.35911298695656,
              43.09282710887131
            ],
            [
              -89.35903013780498,
              43.09281089773466
            ],
            [
              -89.35895240228226,
              43.092784427039646
            ],
            [
              -89.35888214237201,
              43.0927485010976
            ],
            [
              -89.3588214929015,
              43.09270421151562
            ],
            [
              -89.35877229667422,
              43.09265290402675
            ],
            [
              -89.35873604847718,
              43.0925961375986
            ],
            [
              -89.35871384966441,
              43.092535637063
            ],
            [
              -89.35870637469642,
              43.0924732407064
            ],
            [
              -89.35871385065181,
              43.092410844413365
            ],
            [
              -89.3587360503329,
              43.092350344060826
            ],
            [
              -89.35877229917442,
              43.09229357791311
            ],
            [
              -89.35882149574462,
              43.092242270768246
            ],
            [
              -89.35888214521512,
              43.09219798155235
            ],
            [
              -89.35895240478246,
              43.09216205595432
            ],
            [
              -89.35903013966069,
              43.092135585539744
            ],
            [
              -89.35911298794397,
              43.09211937458614
            ],
            [
              -89.3591984323683,
              43.09211391564686
            ],
            [
              -89.35928387679263,
              43.09211937458614
            ],
            [
              -89.35936672507592,
              43.092135585539744
            ],
            [
              -89.35944445995415,
              43.09216205595432
            ],
            [
              -89.3595147195215,
              43.09219798155235
            ],
            [
              -89.35957536899198,
              43.092242270768246
            ],
            [
              -89.35962456556219,
              43.09229357791311
            ],
            [
              -89.35966081440371,
              43.092350344060826
            ],
            [
              -89.3596830140848,
              43.092410844413365
            ],
            [
              -89.35969049004018,
              43.0924732407064
            ],
            [
              -89.35968301507219,
              43.092535637063
            ],
            [
              -89.35966081625944,
              43.0925961375986
            ],
            [
              -89.35962456806239,
              43.09265290402675
            ],
            [
              -89.3595753718351,
              43.09270421151562
            ],
            [
              -89.35951472236461,
              43.0927485010976
            ],
            [
              -89.35944446245435,
              43.092784427039646
            ],
            [
              -89.35936672693163,
              43.09281089773466
            ],
            [
              -89.35928387778004,
              43.09282710887131
            ],
            [
              -89.3591984323683,
              43.09283256787416
            ]
          ]
        ]
      }
    },
    {
      "type": "Feature",
      "properties": {
        "name": "Out Baldwin - LH Mode"
      },
      "geometry": {
        "type": "Polygon",
        "coordinates": [
          [
            [
              -89.36668643824294,
              43.087338039447616
            ],
            [
              -89.36660100049602,
              43.087332580444766
            ],
            [
              -89.36651815877634,
              43.087316369308134
            ],
            [
              -89.3664404302268,
              43.08728989861316
            ],
            [
              -89.36637017661911,
              43.08725397267114
            ],
            [
              -89.36630953258906,
              43.0872096830892
            ],
            [
              -89.36626034077482,
              43.08715837560036
            ],
            [
              -89.36622409582928,
              43.08710160917224
            ],
            [
              -89.36620189900773,
              43.08704110863667
            ],
            [
              -89.36619442471019,
              43.086978712280064
            ],
            [
              -89.36620189999485,
              43.08691631598702
            ],
            [
              -89.36622409768447,
              43.08685581563446
            ],
            [
              -89.3662603432743,
              43.086799049486714
            ],
            [
              -89.36630953543138,
              43.08674774234182
            ],
            [
              -89.36637017946144,
              43.0867034531259
            ],
            [
              -89.3664404327263,
              43.08666752752784
            ],
            [
              -89.36651816063153,
              43.08664105711323
            ],
            [
              -89.36660100148315,
              43.08662484615961
            ],
            [
              -89.36668643824294,
              43.08661938722032
            ],
            [
              -89.36677187500274,
              43.08662484615961
            ],
            [
              -89.36685471585436,
              43.08664105711323
            ],
            [
              -89.3669324437596,
              43.08666752752784
            ],
            [
              -89.36700269702445,
              43.0867034531259
            ],
            [
              -89.3670633410545,
              43.08674774234182
            ],
            [
              -89.36711253321158,
              43.086799049486714
            ],
            [
              -89.36714877880142,
              43.08685581563446
            ],
            [
              -89.36717097649104,
              43.08691631598702
            ],
            [
              -89.3671784517757,
              43.086978712280064
            ],
            [
              -89.36717097747815,
              43.08704110863667
            ],
            [
              -89.3671487806566,
              43.08710160917224
            ],
            [
              -89.36711253571107,
              43.08715837560036
            ],
            [
              -89.36706334389683,
              43.0872096830892
            ],
            [
              -89.36700269986677,
              43.08725397267114
            ],
            [
              -89.36693244625909,
              43.08728989861316
            ],
            [
              -89.36685471770954,
              43.087316369308134
            ],
            [
              -89.36677187598987,
              43.087332580444766
            ],
            [
              -89.36668643824294,
              43.087338039447616
            ]
          ]
        ]
      }
    },
    {
      "type": "Feature",
      "properties": {
        "name": "In Baldwin - LH Mode"
      },
      "geometry": {
        "type": "Polygon",
        "coordinates": [
          [
            [
              -89.36638680972285,
              43.087716130908014
            ],
            [
              -89.36630137144857,
              43.087710671905164
            ],
            [
              -89.36621852921753,
              43.08769446076853
            ],
            [
              -89.36614080018822,
              43.08766799007354
            ],
            [
              -89.3660705461469,
              43.08763206413153
            ],
            [
              -89.36600990174253,
              43.08758777454959
            ],
            [
              -89.36596070962464,
              43.087536467060744
            ],
            [
              -89.3659244644554,
              43.08747970063261
            ],
            [
              -89.36590226749684,
              43.087419200097045
            ],
            [
              -89.36589479315316,
              43.08735680374044
            ],
            [
              -89.36590226848398,
              43.0872944074474
            ],
            [
              -89.36592446631062,
              43.08723390709484
            ],
            [
              -89.36596071212418,
              43.0871771409471
            ],
            [
              -89.3660099045849,
              43.08712583380221
            ],
            [
              -89.36607054898927,
              43.08708154458628
            ],
            [
              -89.36614080268777,
              43.08704561898823
            ],
            [
              -89.36621853107278,
              43.087019148573624
            ],
            [
              -89.3663013724357,
              43.08700293762
            ],
            [
              -89.36638680972285,
              43.08699747868072
            ],
            [
              -89.36647224701,
              43.08700293762
            ],
            [
              -89.36655508837292,
              43.087019148573624
            ],
            [
              -89.36663281675793,
              43.08704561898823
            ],
            [
              -89.36670307045642,
              43.08708154458628
            ],
            [
              -89.3667637148608,
              43.08712583380221
            ],
            [
              -89.36681290732152,
              43.0871771409471
            ],
            [
              -89.36684915313508,
              43.08723390709484
            ],
            [
              -89.36687135096172,
              43.0872944074474
            ],
            [
              -89.36687882629253,
              43.08735680374044
            ],
            [
              -89.36687135194886,
              43.087419200097045
            ],
            [
              -89.36684915499029,
              43.08747970063261
            ],
            [
              -89.36681290982105,
              43.087536467060744
            ],
            [
              -89.36676371770317,
              43.08758777454959
            ],
            [
              -89.3667030732988,
              43.08763206413153
            ],
            [
              -89.36663281925748,
              43.08766799007354
            ],
            [
              -89.36655509022816,
              43.08769446076853
            ],
            [
              -89.36647224799712,
              43.087710671905164
            ],
            [
              -89.36638680972285,
              43.087716130908014
            ]
          ]
        ]
      }
    },
    {
      "type": "Feature",
      "properties": {
        "name": "Westbound Eau Claire - LH Mode"
      },
      "geometry": {
        "type": "Polygon",
        "coordinates": [
          [
            [
              -89.4637012653508,
              43.07336556357682
            ],
            [
              -89.46361584708562,
              43.073360104573986
            ],
            [
              -89.46353302425571,
              43.0733438934374
            ],
            [
              -89.46345531342998,
              43.07331742274249
            ],
            [
              -89.46338507584159,
              43.073281496800554
            ],
            [
              -89.46332444563957,
              43.073237207218696
            ],
            [
              -89.46327526504194,
              43.07318589972995
            ],
            [
              -89.46323902836082,
              43.07312913330189
            ],
            [
              -89.46321683660037,
              43.07306863276636
            ],
            [
              -89.46320936400687,
              43.07300623640978
            ],
            [
              -89.46321683758678,
              43.07294384011673
            ],
            [
              -89.46323903021468,
              43.07288333976411
            ],
            [
              -89.46327526753964,
              43.072826573616304
            ],
            [
              -89.46332444847985,
              43.07277526647133
            ],
            [
              -89.46338507868185,
              43.07273097725531
            ],
            [
              -89.46345531592767,
              43.072695051657156
            ],
            [
              -89.46353302610956,
              43.072668581242496
            ],
            [
              -89.46361584807204,
              43.07265237028882
            ],
            [
              -89.4637012653508,
              43.07264691134953
            ],
            [
              -89.46378668262956,
              43.07265237028882
            ],
            [
              -89.46386950459204,
              43.072668581242496
            ],
            [
              -89.46394721477392,
              43.072695051657156
            ],
            [
              -89.46401745201975,
              43.07273097725531
            ],
            [
              -89.46407808222175,
              43.07277526647133
            ],
            [
              -89.46412726316196,
              43.072826573616304
            ],
            [
              -89.46416350048692,
              43.07288333976411
            ],
            [
              -89.46418569311481,
              43.07294384011673
            ],
            [
              -89.46419316669473,
              43.07300623640978
            ],
            [
              -89.46418569410123,
              43.07306863276636
            ],
            [
              -89.46416350234078,
              43.07312913330189
            ],
            [
              -89.46412726565966,
              43.07318589972995
            ],
            [
              -89.46407808506203,
              43.073237207218696
            ],
            [
              -89.46401745486001,
              43.073281496800554
            ],
            [
              -89.46394721727162,
              43.07331742274249
            ],
            [
              -89.46386950644589,
              43.0733438934374
            ],
            [
              -89.46378668361598,
              43.073360104573986
            ],
            [
              -89.4637012653508,
              43.07336556357682
            ]
          ]
        ]
      }
    },
    {
      "type": "Feature",
      "properties": {
        "name": "Eastbound Eau Claire - LH Mode"
      },
      "geometry": {
        "type": "Polygon",
        "coordinates": [
          [
            [
              -89.46375070307084,
              43.073335399377626
            ],
            [
              -89.4636652848477,
              43.0733299403748
            ],
            [
              -89.46358246205857,
              43.0733137292382
            ],
            [
              -89.46350475127109,
              43.07328725854329
            ],
            [
              -89.46343451371726,
              43.073251332601366
            ],
            [
              -89.46337388354509,
              43.0732070430195
            ],
            [
              -89.46332470297168,
              43.07315573553075
            ],
            [
              -89.46328846630838,
              43.0730989691027
            ],
            [
              -89.46326627455885,
              43.07303846856717
            ],
            [
              -89.46325880196903,
              43.07297607221059
            ],
            [
              -89.46326627554527,
              43.072913675917526
            ],
            [
              -89.46328846816223,
              43.07285317556492
            ],
            [
              -89.46332470546936,
              43.072796409417116
            ],
            [
              -89.46337388638536,
              43.07274510227214
            ],
            [
              -89.46343451655754,
              43.072700813056116
            ],
            [
              -89.46350475376877,
              43.07266488745797
            ],
            [
              -89.46358246391242,
              43.07263841704331
            ],
            [
              -89.46366528583413,
              43.07262220608963
            ],
            [
              -89.46375070307084,
              43.07261674715033
            ],
            [
              -89.46383612030758,
              43.07262220608963
            ],
            [
              -89.46391894222928,
              43.07263841704331
            ],
            [
              -89.46399665237293,
              43.07266488745797
            ],
            [
              -89.46406688958416,
              43.072700813056116
            ],
            [
              -89.46412751975633,
              43.07274510227214
            ],
            [
              -89.46417670067234,
              43.072796409417116
            ],
            [
              -89.46421293797947,
              43.07285317556492
            ],
            [
              -89.46423513059644,
              43.072913675917526
            ],
            [
              -89.46424260417267,
              43.07297607221059
            ],
            [
              -89.46423513158285,
              43.07303846856717
            ],
            [
              -89.46421293983332,
              43.0730989691027
            ],
            [
              -89.46417670317003,
              43.07315573553075
            ],
            [
              -89.46412752259661,
              43.0732070430195
            ],
            [
              -89.46406689242444,
              43.073251332601366
            ],
            [
              -89.46399665487061,
              43.07328725854329
            ],
            [
              -89.46391894408313,
              43.0733137292382
            ],
            [
              -89.463836121294,
              43.0733299403748
            ],
            [
              -89.46375070307084,
              43.073335399377626
            ]
          ]
        ]
      }
    },
    {
      "type": "Feature",
      "properties": {
        "name": "Westbound Midvale - LH Mode"
      },
      "geometry": {
        "type": "Polygon",
        "coordinates": [
          [
            [
              -89.4515817290932,
              43.07575632124608
            ],
            [
              -89.4514963074956,
              43.075750862243254
            ],
            [
              -89.45141348143451,
              43.07573465110666
            ],
            [
              -89.45133576757706,
              43.07570818041173
            ],
            [
              -89.4512655272485,
              43.07567225446979
            ],
            [
              -89.45120489468115,
              43.075627964887914
            ],
            [
              -89.45115571216488,
              43.07557665739915
            ],
            [
              -89.4511194740701,
              43.07551989097108
            ],
            [
              -89.45109728144392,
              43.07545939043554
            ],
            [
              -89.45108980855893,
              43.07539699407896
            ],
            [
              -89.45109728243045,
              43.0753345977859
            ],
            [
              -89.45111947592417,
              43.0752740974333
            ],
            [
              -89.45115571466287,
              43.07521733128551
            ],
            [
              -89.45120489752176,
              43.07516602414054
            ],
            [
              -89.45126553008913,
              43.07512173492454
            ],
            [
              -89.45133577007505,
              43.0750858093264
            ],
            [
              -89.4514134832886,
              43.07505933891175
            ],
            [
              -89.45149630848213,
              43.07504312795809
            ],
            [
              -89.4515817290932,
              43.07503766901878
            ],
            [
              -89.45166714970428,
              43.07504312795809
            ],
            [
              -89.45174997489781,
              43.07505933891175
            ],
            [
              -89.45182768811135,
              43.0750858093264
            ],
            [
              -89.45189792809728,
              43.07512173492454
            ],
            [
              -89.45195856066465,
              43.07516602414054
            ],
            [
              -89.45200774352354,
              43.07521733128551
            ],
            [
              -89.45204398226224,
              43.0752740974333
            ],
            [
              -89.45206617575596,
              43.0753345977859
            ],
            [
              -89.45207364962748,
              43.07539699407896
            ],
            [
              -89.45206617674249,
              43.07545939043554
            ],
            [
              -89.45204398411632,
              43.07551989097108
            ],
            [
              -89.45200774602154,
              43.07557665739915
            ],
            [
              -89.45195856350526,
              43.075627964887914
            ],
            [
              -89.45189793093792,
              43.07567225446979
            ],
            [
              -89.45182769060935,
              43.07570818041173
            ],
            [
              -89.4517499767519,
              43.07573465110666
            ],
            [
              -89.45166715069081,
              43.075750862243254
            ],
            [
              -89.4515817290932,
              43.07575632124608
            ]
          ]
        ]
      }
    },
    {
      "type": "Feature",
      "properties": {
        "name": "Eastbound Midvale - LH Mode"
      },
      "geometry": {
        "type": "Polygon",
        "coordinates": [
          [
            [
              -89.45158431485007,
              43.07572571894861
            ],
            [
              -89.45149889329512,
              43.075720259945776
            ],
            [
              -89.45141606727539,
              43.075704048809186
            ],
            [
              -89.45133835345673,
              43.07567757811426
            ],
            [
              -89.45126811316327,
              43.07564165217232
            ],
            [
              -89.4512074806262,
              43.07559736259044
            ],
            [
              -89.45115829813447,
              43.07554605510168
            ],
            [
              -89.4511220600578,
              43.07548928867361
            ],
            [
              -89.4510998674427,
              43.075428788138076
            ],
            [
              -89.45109239456144,
              43.075366391781486
            ],
            [
              -89.45109986842924,
              43.07530399548843
            ],
            [
              -89.45112206191187,
              43.07524349513583
            ],
            [
              -89.45115830063247,
              43.07518672898804
            ],
            [
              -89.45120748346682,
              43.07513542184307
            ],
            [
              -89.45126811600389,
              43.075091132627065
            ],
            [
              -89.45133835595475,
              43.07505520702893
            ],
            [
              -89.45141606912948,
              43.07502873661428
            ],
            [
              -89.45149889428166,
              43.075012525660625
            ],
            [
              -89.45158431485007,
              43.07500706672132
            ],
            [
              -89.45166973541848,
              43.075012525660625
            ],
            [
              -89.45175256057065,
              43.07502873661428
            ],
            [
              -89.45183027374539,
              43.07505520702893
            ],
            [
              -89.45190051369624,
              43.075091132627065
            ],
            [
              -89.45196114623332,
              43.07513542184307
            ],
            [
              -89.45201032906766,
              43.07518672898804
            ],
            [
              -89.45204656778826,
              43.07524349513583
            ],
            [
              -89.4520687612709,
              43.07530399548843
            ],
            [
              -89.45207623513869,
              43.075366391781486
            ],
            [
              -89.45206876225744,
              43.075428788138076
            ],
            [
              -89.45204656964233,
              43.07548928867361
            ],
            [
              -89.45201033156566,
              43.07554605510168
            ],
            [
              -89.45196114907394,
              43.07559736259044
            ],
            [
              -89.45190051653687,
              43.07564165217232
            ],
            [
              -89.4518302762434,
              43.07567757811426
            ],
            [
              -89.45175256242474,
              43.075704048809186
            ],
            [
              -89.45166973640501,
              43.075720259945776
            ],
            [
              -89.45158431485007,
              43.07572571894861
            ]
          ]
        ]
      }
    },
    {
      "type": "Feature",
      "properties": {
        "name": "Westbound Shorewood - LH Mode"
      },
      "geometry": {
        "type": "Polygon",
        "coordinates": [
          [
            [
              -89.44330632012124,
              43.075642580966566
            ],
            [
              -89.44322089868218,
              43.07563712196373
            ],
            [
              -89.44313807277483,
              43.07562091082713
            ],
            [
              -89.44306035906162,
              43.075594440132214
            ],
            [
              -89.44299011886343,
              43.07555851419027
            ],
            [
              -89.44292948640862,
              43.0755142246084
            ],
            [
              -89.44288030398363,
              43.07546291711964
            ],
            [
              -89.4428440659561,
              43.07540615069156
            ],
            [
              -89.44282187337112,
              43.07534565015603
            ],
            [
              -89.4428144005,
              43.07528325379945
            ],
            [
              -89.44282187435765,
              43.07522085750639
            ],
            [
              -89.44284406781017,
              43.07516035715379
            ],
            [
              -89.44288030648161,
              43.07510359100599
            ],
            [
              -89.44292948924922,
              43.07505228386103
            ],
            [
              -89.44299012170404,
              43.07500799464503
            ],
            [
              -89.4430603615596,
              43.07497206904689
            ],
            [
              -89.4431380746289,
              43.07494559863224
            ],
            [
              -89.44322089966872,
              43.07492938767858
            ],
            [
              -89.44330632012124,
              43.074923928739274
            ],
            [
              -89.44339174057377,
              43.07492938767858
            ],
            [
              -89.44347456561358,
              43.07494559863224
            ],
            [
              -89.44355227868289,
              43.07497206904689
            ],
            [
              -89.44362251853845,
              43.07500799464503
            ],
            [
              -89.44368315099327,
              43.07505228386103
            ],
            [
              -89.44373233376086,
              43.07510359100599
            ],
            [
              -89.4437685724323,
              43.07516035715379
            ],
            [
              -89.44379076588484,
              43.07522085750639
            ],
            [
              -89.44379823974248,
              43.07528325379945
            ],
            [
              -89.44379076687137,
              43.07534565015603
            ],
            [
              -89.44376857428638,
              43.07540615069156
            ],
            [
              -89.44373233625886,
              43.07546291711964
            ],
            [
              -89.44368315383387,
              43.0755142246084
            ],
            [
              -89.44362252137904,
              43.07555851419027
            ],
            [
              -89.44355228118086,
              43.075594440132214
            ],
            [
              -89.44347456746765,
              43.07562091082713
            ],
            [
              -89.4433917415603,
              43.07563712196373
            ],
            [
              -89.44330632012124,
              43.075642580966566
            ]
          ]
        ]
      }
    },
    {
      "type": "Feature",
      "properties": {
        "name": "Eastbound Shorewood - LH Mode"
      },
      "geometry": {
        "type": "Polygon",
        "coordinates": [
          [
            [
              -89.44336392995908,
              43.075600837374566
            ],
            [
              -89.4432785085782,
              43.07559537837172
            ],
            [
              -89.44319568272728,
              43.07557916723513
            ],
            [
              -89.44311796906699,
              43.07555269654021
            ],
            [
              -89.44304772891665,
              43.07551677059827
            ],
            [
              -89.44298709650315,
              43.07547248101639
            ],
            [
              -89.44293791411165,
              43.07542117352763
            ],
            [
              -89.44290167610882,
              43.075364407099556
            ],
            [
              -89.44287948353895,
              43.075303906564024
            ],
            [
              -89.44287201067291,
              43.075241510207434
            ],
            [
              -89.44287948452548,
              43.07517911391439
            ],
            [
              -89.4429016779629,
              43.075118613561784
            ],
            [
              -89.44293791660965,
              43.075061847413984
            ],
            [
              -89.44298709934375,
              43.07501054026903
            ],
            [
              -89.44304773175726,
              43.07496625105302
            ],
            [
              -89.44311797156497,
              43.074930325454886
            ],
            [
              -89.44319568458135,
              43.07490385504023
            ],
            [
              -89.44327850956473,
              43.074887644086566
            ],
            [
              -89.44336392995908,
              43.07488218514726
            ],
            [
              -89.4434493503534,
              43.074887644086566
            ],
            [
              -89.4435321753368,
              43.07490385504023
            ],
            [
              -89.44360988835318,
              43.074930325454886
            ],
            [
              -89.44368012816089,
              43.07496625105302
            ],
            [
              -89.4437407605744,
              43.07501054026903
            ],
            [
              -89.4437899433085,
              43.075061847413984
            ],
            [
              -89.44382618195526,
              43.075118613561784
            ],
            [
              -89.44384837539268,
              43.07517911391439
            ],
            [
              -89.44385584924524,
              43.075241510207434
            ],
            [
              -89.44384837637921,
              43.075303906564024
            ],
            [
              -89.44382618380934,
              43.075364407099556
            ],
            [
              -89.4437899458065,
              43.07542117352763
            ],
            [
              -89.44374076341501,
              43.07547248101639
            ],
            [
              -89.4436801310015,
              43.07551677059827
            ],
            [
              -89.44360989085116,
              43.07555269654021
            ],
            [
              -89.44353217719087,
              43.07557916723513
            ],
            [
              -89.44344935133994,
              43.07559537837172
            ],
            [
              -89.44336392995908,
              43.075600837374566
            ]
          ]
        ]
      }
    },
    {
      "type": "Feature",
      "properties": {
        "name": "Westbound University Bay - LH Mode"
      },
      "geometry": {
        "type": "Polygon",
        "coordinates": [
          [
            [
              -89.43333935205847,
              43.073827155742656
            ],
            [
              -89.43325393314991,
              43.07382169673983
            ],
            [
              -89.43317110969618,
              43.07380548560324
            ],
            [
              -89.43309339828512,
              43.07377901490832
            ],
            [
              -89.4330231601677,
              43.073743088966395
            ],
            [
              -89.43296252950904,
              43.07369879938453
            ],
            [
              -89.43291334854098,
              43.07364749189578
            ],
            [
              -89.43287711158693,
              43.07359072546771
            ],
            [
              -89.43285491965935,
              43.073530224932185
            ],
            [
              -89.43284744700956,
              43.0734678285756
            ],
            [
              -89.43285492064578,
              43.07340543228254
            ],
            [
              -89.43287711344084,
              43.07334493192994
            ],
            [
              -89.43291335103875,
              43.07328816578213
            ],
            [
              -89.43296253234938,
              43.07323685863716
            ],
            [
              -89.43302316300804,
              43.07319256942114
            ],
            [
              -89.4330934007829,
              43.073156643823
            ],
            [
              -89.43317111155008,
              43.07313017340834
            ],
            [
              -89.43325393413636,
              43.07311396245466
            ],
            [
              -89.43333935205847,
              43.073108503515364
            ],
            [
              -89.43342476998058,
              43.07311396245466
            ],
            [
              -89.43350759256685,
              43.07313017340834
            ],
            [
              -89.43358530333404,
              43.073156643823
            ],
            [
              -89.43365554110889,
              43.07319256942114
            ],
            [
              -89.43371617176756,
              43.07323685863716
            ],
            [
              -89.43376535307819,
              43.07328816578213
            ],
            [
              -89.4338015906761,
              43.07334493192994
            ],
            [
              -89.43382378347115,
              43.07340543228254
            ],
            [
              -89.43383125710737,
              43.0734678285756
            ],
            [
              -89.43382378445759,
              43.073530224932185
            ],
            [
              -89.43380159253,
              43.07359072546771
            ],
            [
              -89.43376535557594,
              43.07364749189578
            ],
            [
              -89.4337161746079,
              43.07369879938453
            ],
            [
              -89.43365554394921,
              43.073743088966395
            ],
            [
              -89.43358530583181,
              43.07377901490832
            ],
            [
              -89.43350759442076,
              43.07380548560324
            ],
            [
              -89.43342477096701,
              43.07382169673983
            ],
            [
              -89.43333935205847,
              43.073827155742656
            ]
          ]
        ]
      }
    },
    {
      "type": "Feature",
      "properties": {
        "name": "Eastbound University Bay - LH Mode"
      },
      "geometry": {
        "type": "Polygon",
        "coordinates": [
          [
            [
              -89.4334011288178,
              43.07367256324161
            ],
            [
              -89.43331571012472,
              43.07366710423877
            ],
            [
              -89.43323288687992,
              43.07365089310219
            ],
            [
              -89.43315517566491,
              43.07362442240727
            ],
            [
              -89.43308493772466,
              43.07358849646534
            ],
            [
              -89.43302430721893,
              43.07354420688348
            ],
            [
              -89.43297512637494,
              43.07349289939473
            ],
            [
              -89.43293888951229,
              43.07343613296668
            ],
            [
              -89.43291669764069,
              43.073375632431144
            ],
            [
              -89.43290922500975,
              43.073313236074554
            ],
            [
              -89.43291669862712,
              43.073250839781494
            ],
            [
              -89.43293889136619,
              43.07319033942889
            ],
            [
              -89.43297512887267,
              43.07313357328108
            ],
            [
              -89.43302431005925,
              43.07308226613611
            ],
            [
              -89.43308494056498,
              43.07303797692009
            ],
            [
              -89.43315517816264,
              43.07300205132195
            ],
            [
              -89.43323288873381,
              43.07297558090728
            ],
            [
              -89.43331571111116,
              43.07295936995362
            ],
            [
              -89.4334011288178,
              43.07295391101432
            ],
            [
              -89.43348654652445,
              43.07295936995362
            ],
            [
              -89.4335693689018,
              43.07297558090728
            ],
            [
              -89.43364707947296,
              43.07300205132195
            ],
            [
              -89.43371731707063,
              43.07303797692009
            ],
            [
              -89.43377794757636,
              43.07308226613611
            ],
            [
              -89.43382712876294,
              43.07313357328108
            ],
            [
              -89.43386336626942,
              43.07319033942889
            ],
            [
              -89.43388555900849,
              43.073250839781494
            ],
            [
              -89.43389303262586,
              43.073313236074554
            ],
            [
              -89.43388555999492,
              43.073375632431144
            ],
            [
              -89.43386336812333,
              43.07343613296668
            ],
            [
              -89.43382713126067,
              43.07349289939473
            ],
            [
              -89.43377795041668,
              43.07354420688348
            ],
            [
              -89.43371731991095,
              43.07358849646534
            ],
            [
              -89.4336470819707,
              43.07362442240727
            ],
            [
              -89.43356937075569,
              43.07365089310219
            ],
            [
              -89.4334865475109,
              43.07366710423877
            ],
            [
              -89.4334011288178,
              43.07367256324161
            ]
          ]
        ]
      }
    },
    {
      "type": "Feature",
      "properties": {
        "name": "Westbound High Point - LH Mode"
      },
      "geometry": {
        "type": "Polygon",
        "coordinates": [
          [
            [
              -89.51718715016177,
              43.06097265628993
            ],
            [
              -89.51710174916427,
              43.06096719728712
            ],
            [
              -89.51701894307733,
              43.060950986150566
            ],
            [
              -89.51694124796113,
              43.06092451545571
            ],
            [
              -89.51687102457147,
              43.060888589513866
            ],
            [
              -89.51681040662596,
              43.060844299932086
            ],
            [
              -89.51676123597022,
              43.06079299244341
            ],
            [
              -89.51672500661427,
              43.0607362260154
            ],
            [
              -89.51670281933973,
              43.06067572547992
            ],
            [
              -89.51669534825662,
              43.06061332912335
            ],
            [
              -89.51670282032552,
              43.060550932830274
            ],
            [
              -89.51672500846695,
              43.06049043247763
            ],
            [
              -89.51676123846633,
              43.06043366632976
            ],
            [
              -89.51681040946444,
              43.060382359184715
            ],
            [
              -89.51687102740995,
              43.06033806996861
            ],
            [
              -89.51694125045724,
              43.06030214437039
            ],
            [
              -89.51701894493002,
              43.060275673955665
            ],
            [
              -89.51710175015006,
              43.060259463001955
            ],
            [
              -89.51718715016177,
              43.060254004062635
            ],
            [
              -89.51727255017349,
              43.060259463001955
            ],
            [
              -89.51735535539353,
              43.060275673955665
            ],
            [
              -89.51743304986631,
              43.06030214437039
            ],
            [
              -89.5175032729136,
              43.06033806996861
            ],
            [
              -89.51756389085911,
              43.060382359184715
            ],
            [
              -89.51761306185722,
              43.06043366632976
            ],
            [
              -89.5176492918566,
              43.06049043247763
            ],
            [
              -89.51767147999801,
              43.060550932830274
            ],
            [
              -89.51767895206693,
              43.06061332912335
            ],
            [
              -89.51767148098382,
              43.06067572547992
            ],
            [
              -89.51764929370928,
              43.0607362260154
            ],
            [
              -89.51761306435333,
              43.06079299244341
            ],
            [
              -89.51756389369758,
              43.060844299932086
            ],
            [
              -89.51750327575208,
              43.060888589513866
            ],
            [
              -89.51743305236242,
              43.06092451545571
            ],
            [
              -89.51735535724622,
              43.060950986150566
            ],
            [
              -89.51727255115928,
              43.06096719728712
            ],
            [
              -89.51718715016177,
              43.06097265628993
            ]
          ]
        ]
      }
    },
    {
      "type": "Feature",
      "properties": {
        "name": "Eastbound High Point - LH Mode"
      },
      "geometry": {
        "type": "Polygon",
        "coordinates": [
          [
            [
              -89.51709340412623,
              43.060892756831485
            ],
            [
              -89.51700800324001,
              43.06088729782868
            ],
            [
              -89.51692519726099,
              43.060871086692124
            ],
            [
              -89.51684750224604,
              43.06084461599727
            ],
            [
              -89.51677727894788,
              43.060808690055424
            ],
            [
              -89.51671666108138,
              43.06076440047364
            ],
            [
              -89.51666749048971,
              43.06071309298497
            ],
            [
              -89.51663126118096,
              43.06065632655696
            ],
            [
              -89.51660907393534,
              43.060595826021476
            ],
            [
              -89.51660160286197,
              43.060533429664915
            ],
            [
              -89.51660907492112,
              43.06047103337184
            ],
            [
              -89.51663126303364,
              43.060410533019194
            ],
            [
              -89.5166674929858,
              43.060353766871316
            ],
            [
              -89.51671666391985,
              43.06030245972627
            ],
            [
              -89.51677728178635,
              43.06025817051017
            ],
            [
              -89.51684750474213,
              43.060222244911955
            ],
            [
              -89.51692519911366,
              43.060195774497224
            ],
            [
              -89.5170080042258,
              43.06017956354351
            ],
            [
              -89.51709340412623,
              43.060174104604194
            ],
            [
              -89.51717880402664,
              43.06017956354351
            ],
            [
              -89.51726160913879,
              43.060195774497224
            ],
            [
              -89.51733930351031,
              43.060222244911955
            ],
            [
              -89.5174095264661,
              43.06025817051017
            ],
            [
              -89.5174701443326,
              43.06030245972627
            ],
            [
              -89.51751931526664,
              43.060353766871316
            ],
            [
              -89.51755554521881,
              43.060410533019194
            ],
            [
              -89.51757773333132,
              43.06047103337184
            ],
            [
              -89.51758520539049,
              43.060533429664915
            ],
            [
              -89.5175777343171,
              43.060595826021476
            ],
            [
              -89.5175555470715,
              43.06065632655696
            ],
            [
              -89.51751931776275,
              43.06071309298497
            ],
            [
              -89.51747014717107,
              43.06076440047364
            ],
            [
              -89.51740952930456,
              43.060808690055424
            ],
            [
              -89.5173393060064,
              43.06084461599727
            ],
            [
              -89.51726161099147,
              43.060871086692124
            ],
            [
              -89.51717880501243,
              43.06088729782868
            ],
            [
              -89.51709340412623,
              43.060892756831485
            ]
          ]
        ]
      }
    },
    {
      "type": "Feature",
      "properties": {
        "name": "Westbound Westfield - LH Mode"
      },
      "geometry": {
        "type": "Polygon",
        "coordinates": [
          [
            [
              -89.50752354560318,
              43.06108383670962
            ],
            [
              -89.5074381444508,
              43.0610783777068
            ],
            [
              -89.50735533821371,
              43.061062166570245
            ],
            [
              -89.50727764295661,
              43.06103569587539
            ],
            [
              -89.50720741943961,
              43.06099976993355
            ],
            [
              -89.5071468013842,
              43.06095548035176
            ],
            [
              -89.50709763063928,
              43.06090417286308
            ],
            [
              -89.50706140121763,
              43.06084740643508
            ],
            [
              -89.50703921390286,
              43.060786905899604
            ],
            [
              -89.5070317428062,
              43.06072450954303
            ],
            [
              -89.50703921488866,
              43.060662113249954
            ],
            [
              -89.50706140307032,
              43.06060161289731
            ],
            [
              -89.5070976331354,
              43.06054484674945
            ],
            [
              -89.50714680422267,
              43.060493539604394
            ],
            [
              -89.5072074222781,
              43.06044925038829
            ],
            [
              -89.50727764545273,
              43.060413324790076
            ],
            [
              -89.5073553400664,
              43.06038685437535
            ],
            [
              -89.5074381454366,
              43.06037064342164
            ],
            [
              -89.50752354560318,
              43.060365184482315
            ],
            [
              -89.50760894576975,
              43.06037064342164
            ],
            [
              -89.50769175113994,
              43.06038685437535
            ],
            [
              -89.50776944575361,
              43.060413324790076
            ],
            [
              -89.50783966892824,
              43.06044925038829
            ],
            [
              -89.50790028698367,
              43.060493539604394
            ],
            [
              -89.50794945807094,
              43.06054484674945
            ],
            [
              -89.50798568813602,
              43.06060161289731
            ],
            [
              -89.50800787631769,
              43.060662113249954
            ],
            [
              -89.50801534840014,
              43.06072450954303
            ],
            [
              -89.50800787730348,
              43.060786905899604
            ],
            [
              -89.50798568998871,
              43.06084740643508
            ],
            [
              -89.50794946056706,
              43.06090417286308
            ],
            [
              -89.50790028982215,
              43.06095548035176
            ],
            [
              -89.50783967176673,
              43.06099976993355
            ],
            [
              -89.50776944824973,
              43.06103569587539
            ],
            [
              -89.50769175299263,
              43.061062166570245
            ],
            [
              -89.50760894675554,
              43.0610783777068
            ],
            [
              -89.50752354560318,
              43.06108383670962
            ]
          ]
        ]
      }
    },
    {
      "type": "Feature",
      "properties": {
        "name": "Eastbound Westfield - LH Mode"
      },
      "geometry": {
        "type": "Polygon",
        "coordinates": [
          [
            [
              -89.50746490463413,
              43.060996662985886
            ],
            [
              -89.5073795036032,
              43.06099120398307
            ],
            [
              -89.50729669748384,
              43.06097499284652
            ],
            [
              -89.50721900233721,
              43.06094852215167
            ],
            [
              -89.50714877892005,
              43.06091259620982
            ],
            [
              -89.50708816095081,
              43.06086830662804
            ],
            [
              -89.50703899027582,
              43.06081699913937
            ],
            [
              -89.50700276090568,
              43.06076023271136
            ],
            [
              -89.50698057362246,
              43.06069973217587
            ],
            [
              -89.50697310253642,
              43.0606373358193
            ],
            [
              -89.50698057460825,
              43.06057493952624
            ],
            [
              -89.50700276275836,
              43.06051443917359
            ],
            [
              -89.50703899277192,
              43.06045767302572
            ],
            [
              -89.50708816378929,
              43.06040636588067
            ],
            [
              -89.50714878175853,
              43.06036207666457
            ],
            [
              -89.50721900483333,
              43.06032615106634
            ],
            [
              -89.50729669933652,
              43.06029968065162
            ],
            [
              -89.507379504589,
              43.06028346969791
            ],
            [
              -89.50746490463413,
              43.0602780107586
            ],
            [
              -89.50755030467928,
              43.06028346969791
            ],
            [
              -89.50763310993176,
              43.06029968065162
            ],
            [
              -89.50771080443495,
              43.06032615106634
            ],
            [
              -89.50778102750975,
              43.06036207666457
            ],
            [
              -89.50784164547899,
              43.06040636588067
            ],
            [
              -89.50789081649636,
              43.06045767302572
            ],
            [
              -89.50792704650992,
              43.06051443917359
            ],
            [
              -89.50794923466003,
              43.06057493952624
            ],
            [
              -89.50795670673186,
              43.0606373358193
            ],
            [
              -89.50794923564582,
              43.06069973217587
            ],
            [
              -89.5079270483626,
              43.06076023271136
            ],
            [
              -89.50789081899246,
              43.06081699913937
            ],
            [
              -89.50784164831747,
              43.06086830662804
            ],
            [
              -89.50778103034823,
              43.06091259620982
            ],
            [
              -89.50771080693107,
              43.06094852215167
            ],
            [
              -89.50763311178444,
              43.06097499284652
            ],
            [
              -89.50755030566508,
              43.06099120398307
            ],
            [
              -89.50746490463413,
              43.060996662985886
            ]
          ]
        ]
      }
    },
    {
      "type": "Feature",
      "properties": {
        "name": "Westbound Grand Canyon - LH Mode"
      },
      "geometry": {
        "type": "Polygon",
        "coordinates": [
          [
            [
              -89.49684714002069,
              43.061173827703705
            ],
            [
              -89.49676173874298,
              43.06116836870089
            ],
            [
              -89.49667893238434,
              43.06115215756433
            ],
            [
              -89.49660123701321,
              43.06112568686949
            ],
            [
              -89.49653101339312,
              43.06108976092763
            ],
            [
              -89.49647039524874,
              43.06104547134586
            ],
            [
              -89.49642122443164,
              43.06099416385717
            ],
            [
              -89.49638499495683,
              43.06093739742918
            ],
            [
              -89.4963628076095,
              43.06087689689369
            ],
            [
              -89.49635533650188,
              43.06081450053711
            ],
            [
              -89.49636280859531,
              43.06075210424404
            ],
            [
              -89.49638499680954,
              43.06069160389139
            ],
            [
              -89.49642122692778,
              43.06063483774352
            ],
            [
              -89.49647039808724,
              43.06058353059848
            ],
            [
              -89.49653101623163,
              43.060539241382386
            ],
            [
              -89.49660123950935,
              43.06050331578415
            ],
            [
              -89.49667893423704,
              43.060476845369436
            ],
            [
              -89.49676173972877,
              43.060460634415726
            ],
            [
              -89.49684714002069,
              43.06045517547641
            ],
            [
              -89.49693254031261,
              43.060460634415726
            ],
            [
              -89.49701534580436,
              43.060476845369436
            ],
            [
              -89.49709304053205,
              43.06050331578415
            ],
            [
              -89.49716326380975,
              43.060539241382386
            ],
            [
              -89.49722388195416,
              43.06058353059848
            ],
            [
              -89.4972730531136,
              43.06063483774352
            ],
            [
              -89.49730928323186,
              43.06069160389139
            ],
            [
              -89.49733147144609,
              43.06075210424404
            ],
            [
              -89.49733894353952,
              43.06081450053711
            ],
            [
              -89.4973314724319,
              43.06087689689369
            ],
            [
              -89.49730928508457,
              43.06093739742918
            ],
            [
              -89.49727305560974,
              43.06099416385717
            ],
            [
              -89.49722388479266,
              43.06104547134586
            ],
            [
              -89.49716326664826,
              43.06108976092763
            ],
            [
              -89.49709304302819,
              43.06112568686949
            ],
            [
              -89.49701534765705,
              43.06115215756433
            ],
            [
              -89.4969325412984,
              43.06116836870089
            ],
            [
              -89.49684714002069,
              43.061173827703705
            ]
          ]
        ]
      }
    },
    {
      "type": "Feature",
      "properties": {
        "name": "Eastbound Grand Canyon - LH Mode"
      },
      "geometry": {
        "type": "Polygon",
        "coordinates": [
          [
            [
              -89.49684956032553,
              43.06107296424564
            ],
            [
              -89.49676415918832,
              43.06106750524283
            ],
            [
              -89.4966813529659,
              43.06105129410628
            ],
            [
              -89.49660365772259,
              43.06102482341142
            ],
            [
              -89.49653343421804,
              43.06098889746957
            ],
            [
              -89.49647281617335,
              43.0609446078878
            ],
            [
              -89.49642364543716,
              43.060893300399115
            ],
            [
              -89.49638741602195,
              43.06083653397111
            ],
            [
              -89.49636522871111,
              43.06077603343564
            ],
            [
              -89.49635775761577,
              43.06071363707906
            ],
            [
              -89.4963652296969,
              43.06065124078598
            ],
            [
              -89.49638741787463,
              43.06059074043334
            ],
            [
              -89.49642364793328,
              43.06053397428547
            ],
            [
              -89.49647281901186,
              43.06048266714042
            ],
            [
              -89.49653343705651,
              43.06043837792432
            ],
            [
              -89.49660366021871,
              43.0604024523261
            ],
            [
              -89.49668135481859,
              43.06037598191138
            ],
            [
              -89.49676416017411,
              43.06035977095767
            ],
            [
              -89.49684956032553,
              43.06035431201835
            ],
            [
              -89.49693496047696,
              43.06035977095767
            ],
            [
              -89.49701776583247,
              43.06037598191138
            ],
            [
              -89.49709546043236,
              43.0604024523261
            ],
            [
              -89.49716568359455,
              43.06043837792432
            ],
            [
              -89.49722630163922,
              43.06048266714042
            ],
            [
              -89.49727547271779,
              43.06053397428547
            ],
            [
              -89.49731170277644,
              43.06059074043334
            ],
            [
              -89.49733389095415,
              43.06065124078598
            ],
            [
              -89.49734136303529,
              43.06071363707906
            ],
            [
              -89.49733389193996,
              43.06077603343564
            ],
            [
              -89.49731170462913,
              43.06083653397111
            ],
            [
              -89.49727547521391,
              43.060893300399115
            ],
            [
              -89.4972263044777,
              43.0609446078878
            ],
            [
              -89.49716568643302,
              43.06098889746957
            ],
            [
              -89.49709546292848,
              43.06102482341142
            ],
            [
              -89.49701776768516,
              43.06105129410628
            ],
            [
              -89.49693496146276,
              43.06106750524283
            ],
            [
              -89.49684956032553,
              43.06107296424564
            ]
          ]
        ]
      }
    },
    {
      "type": "Feature",
      "properties": {
        "name": "Westbound Island - LH Mode"
      },
      "geometry": {
        "type": "Polygon",
        "coordinates": [
          [
            [
              -89.48681713986223,
              43.06122728464951
            ],
            [
              -89.48673173851004,
              43.06122182564669
            ],
            [
              -89.4866489320792,
              43.061205614510136
            ],
            [
              -89.48657123664033,
              43.06117914381528
            ],
            [
              -89.48650101295902,
              43.06114321787343
            ],
            [
              -89.48644039476179,
              43.061098928291656
            ],
            [
              -89.48639122390182,
              43.06104762080297
            ],
            [
              -89.48635499439541,
              43.06099085437497
            ],
            [
              -89.48633280702875,
              43.06093035383949
            ],
            [
              -89.4863253359146,
              43.06086795748291
            ],
            [
              -89.48633280801454,
              43.06080556118984
            ],
            [
              -89.48635499624812,
              43.0607450608372
            ],
            [
              -89.48639122639797,
              43.06068829468933
            ],
            [
              -89.48644039760029,
              43.06063698754427
            ],
            [
              -89.48650101579754,
              43.060592698328186
            ],
            [
              -89.48657123913648,
              43.06055677272996
            ],
            [
              -89.48664893393192,
              43.060530302315236
            ],
            [
              -89.48673173949585,
              43.060514091361526
            ],
            [
              -89.48681713986223,
              43.06050863242221
            ],
            [
              -89.4869025402286,
              43.060514091361526
            ],
            [
              -89.48698534579253,
              43.060530302315236
            ],
            [
              -89.48706304058797,
              43.06055677272996
            ],
            [
              -89.48713326392689,
              43.060592698328186
            ],
            [
              -89.48719388212416,
              43.06063698754427
            ],
            [
              -89.48724305332647,
              43.06068829468933
            ],
            [
              -89.48727928347633,
              43.0607450608372
            ],
            [
              -89.4873014717099,
              43.06080556118984
            ],
            [
              -89.48730894380984,
              43.06086795748291
            ],
            [
              -89.4873014726957,
              43.06093035383949
            ],
            [
              -89.48727928532904,
              43.06099085437497
            ],
            [
              -89.48724305582262,
              43.06104762080297
            ],
            [
              -89.48719388496266,
              43.061098928291656
            ],
            [
              -89.48713326676541,
              43.06114321787343
            ],
            [
              -89.48706304308412,
              43.06117914381528
            ],
            [
              -89.48698534764524,
              43.061205614510136
            ],
            [
              -89.4869025412144,
              43.06122182564669
            ],
            [
              -89.48681713986223,
              43.06122728464951
            ]
          ]
        ]
      }
    },
    {
      "type": "Feature",
      "properties": {
        "name": "Eastbound Island - LH Mode"
      },
      "geometry": {
        "type": "Polygon",
        "coordinates": [
          [
            [
              -89.4869255412804,
              43.06118215648883
            ],
            [
              -89.48684013999107,
              43.06117669748601
            ],
            [
              -89.48675733362118,
              43.061160486349465
            ],
            [
              -89.4866796382395,
              43.06113401565461
            ],
            [
              -89.48660941460989,
              43.06109808971276
            ],
            [
              -89.48654879645726,
              43.06105380013098
            ],
            [
              -89.4864996256335,
              43.061002492642295
            ],
            [
              -89.48646339615375,
              43.06094572621431
            ],
            [
              -89.48644120880341,
              43.06088522567882
            ],
            [
              -89.48643373769475,
              43.06082282932224
            ],
            [
              -89.4864412097892,
              43.06076043302917
            ],
            [
              -89.48646339800645,
              43.06069993267653
            ],
            [
              -89.48649962812964,
              43.06064316652866
            ],
            [
              -89.48654879929575,
              43.06059185938361
            ],
            [
              -89.48660941744839,
              43.06054757016751
            ],
            [
              -89.48667964073563,
              43.060511644569296
            ],
            [
              -89.48675733547388,
              43.060485174154564
            ],
            [
              -89.48684014097687,
              43.06046896320086
            ],
            [
              -89.4869255412804,
              43.060463504261534
            ],
            [
              -89.48701094158392,
              43.06046896320086
            ],
            [
              -89.4870937470869,
              43.060485174154564
            ],
            [
              -89.48717144182515,
              43.060511644569296
            ],
            [
              -89.48724166511239,
              43.06054757016751
            ],
            [
              -89.48730228326504,
              43.06059185938361
            ],
            [
              -89.48735145443115,
              43.06064316652866
            ],
            [
              -89.48738768455434,
              43.06069993267653
            ],
            [
              -89.48740987277158,
              43.06076043302917
            ],
            [
              -89.48741734486603,
              43.06082282932224
            ],
            [
              -89.48740987375739,
              43.06088522567882
            ],
            [
              -89.48738768640703,
              43.06094572621431
            ],
            [
              -89.48735145692729,
              43.061002492642295
            ],
            [
              -89.48730228610353,
              43.06105380013098
            ],
            [
              -89.4872416679509,
              43.06109808971276
            ],
            [
              -89.48717144432129,
              43.06113401565461
            ],
            [
              -89.4870937489396,
              43.061160486349465
            ],
            [
              -89.48701094256971,
              43.06117669748601
            ],
            [
              -89.4869255412804,
              43.06118215648883
            ]
          ]
        ]
      }
    },
    {
      "type": "Feature",
      "properties": {
        "name": "Westbound Rosa - LH Mode"
      },
      "geometry": {
        "type": "Polygon",
        "coordinates": [
          [
            [
              -89.4787805228015,
              43.06125770452789
            ],
            [
              -89.47869512140694,
              43.06125224552507
            ],
            [
              -89.47861231493503,
              43.061236034388514
            ],
            [
              -89.4785346194576,
              43.06120956369365
            ],
            [
              -89.47846439574145,
              43.06117363775181
            ],
            [
              -89.47840377751413,
              43.06112934817003
            ],
            [
              -89.4783546066298,
              43.06107804068135
            ],
            [
              -89.4783183771054,
              43.06102127425335
            ],
            [
              -89.47829618972771,
              43.06096077371786
            ],
            [
              -89.47828871860987,
              43.06089837736129
            ],
            [
              -89.47829619071352,
              43.060835981068216
            ],
            [
              -89.47831837895811,
              43.06077548071557
            ],
            [
              -89.47835460912593,
              43.060718714567706
            ],
            [
              -89.47840378035265,
              43.060667407422656
            ],
            [
              -89.47846439857997,
              43.06062311820656
            ],
            [
              -89.47853462195376,
              43.06058719260834
            ],
            [
              -89.47861231678773,
              43.060560722193614
            ],
            [
              -89.47869512239275,
              43.060544511239904
            ],
            [
              -89.4787805228015,
              43.06053905230059
            ],
            [
              -89.47886592321025,
              43.060544511239904
            ],
            [
              -89.47894872881527,
              43.060560722193614
            ],
            [
              -89.47902642364926,
              43.06058719260834
            ],
            [
              -89.47909664702303,
              43.06062311820656
            ],
            [
              -89.47915726525035,
              43.060667407422656
            ],
            [
              -89.47920643647709,
              43.060718714567706
            ],
            [
              -89.4792426666449,
              43.06077548071557
            ],
            [
              -89.47926485488948,
              43.060835981068216
            ],
            [
              -89.47927232699314,
              43.06089837736129
            ],
            [
              -89.47926485587529,
              43.06096077371786
            ],
            [
              -89.4792426684976,
              43.06102127425335
            ],
            [
              -89.47920643897322,
              43.06107804068135
            ],
            [
              -89.47915726808887,
              43.06112934817003
            ],
            [
              -89.47909664986155,
              43.06117363775181
            ],
            [
              -89.47902642614541,
              43.06120956369365
            ],
            [
              -89.47894873066798,
              43.061236034388514
            ],
            [
              -89.47886592419606,
              43.06125224552507
            ],
            [
              -89.4787805228015,
              43.06125770452789
            ]
          ]
        ]
      }
    },
    {
      "type": "Feature",
      "properties": {
        "name": "Eastbound Rosa - LH Mode"
      },
      "geometry": {
        "type": "Polygon",
        "coordinates": [
          [
            [
              -89.4788741110366,
              43.06121431169755
            ],
            [
              -89.4787887097025,
              43.061208852694726
            ],
            [
              -89.47870590328918,
              43.06119264155818
            ],
            [
              -89.47862820786675,
              43.06116617086332
            ],
            [
              -89.47855798420031,
              43.06113024492147
            ],
            [
              -89.47849736601589,
              43.06108595533969
            ],
            [
              -89.47844819516634,
              43.06103464785101
            ],
            [
              -89.47841196566758,
              43.060977881423014
            ],
            [
              -89.47838977830561,
              43.060917380887524
            ],
            [
              -89.47838230719304,
              43.060854984530955
            ],
            [
              -89.47838977929142,
              43.06079258823788
            ],
            [
              -89.47841196752029,
              43.060732087885235
            ],
            [
              -89.47844819766247,
              43.060675321737364
            ],
            [
              -89.47849736885439,
              43.060624014592314
            ],
            [
              -89.47855798703881,
              43.060579725376215
            ],
            [
              -89.47862821036288,
              43.060543799778
            ],
            [
              -89.47870590514188,
              43.06051732936328
            ],
            [
              -89.4787887106883,
              43.06050111840957
            ],
            [
              -89.4788741110366,
              43.06049565947024
            ],
            [
              -89.47895951138491,
              43.06050111840957
            ],
            [
              -89.47904231693133,
              43.06051732936328
            ],
            [
              -89.47912001171034,
              43.060543799778
            ],
            [
              -89.4791902350344,
              43.060579725376215
            ],
            [
              -89.47925085321883,
              43.060624014592314
            ],
            [
              -89.47930002441075,
              43.060675321737364
            ],
            [
              -89.47933625455292,
              43.060732087885235
            ],
            [
              -89.4793584427818,
              43.06079258823788
            ],
            [
              -89.47936591488018,
              43.060854984530955
            ],
            [
              -89.47935844376761,
              43.060917380887524
            ],
            [
              -89.47933625640563,
              43.060977881423014
            ],
            [
              -89.47930002690688,
              43.06103464785101
            ],
            [
              -89.47925085605733,
              43.06108595533969
            ],
            [
              -89.4791902378729,
              43.06113024492147
            ],
            [
              -89.47912001420647,
              43.06116617086332
            ],
            [
              -89.47904231878402,
              43.06119264155818
            ],
            [
              -89.47895951237072,
              43.061208852694726
            ],
            [
              -89.4788741110366,
              43.06121431169755
            ]
          ]
        ]
      }
    },
    {
      "type": "Feature",
      "properties": {
        "name": "Westbound Whitney-Mineral Point - LH Mode"
      },
      "geometry": {
        "type": "Polygon",
        "coordinates": [
          [
            [
              -89.47249145469921,
              43.06129894650342
            ],
            [
              -89.47240605324721,
              43.061293487500606
            ],
            [
              -89.4723232467196,
              43.06127727636405
            ],
            [
              -89.47224555118989,
              43.0612508056692
            ],
            [
              -89.47217532742653,
              43.061214879727345
            ],
            [
              -89.47211470915842,
              43.06117059014556
            ],
            [
              -89.47206553824098,
              43.06111928265688
            ],
            [
              -89.47202930869223,
              43.06106251622888
            ],
            [
              -89.47200712129963,
              43.0610020156934
            ],
            [
              -89.47199965017676,
              43.06093961933682
            ],
            [
              -89.47200712228543,
              43.06087722304376
            ],
            [
              -89.47202931054494,
              43.060816722691115
            ],
            [
              -89.47206554073713,
              43.06075995654324
            ],
            [
              -89.47211471199692,
              43.060708649398194
            ],
            [
              -89.47217533026505,
              43.060664360182095
            ],
            [
              -89.47224555368605,
              43.060628434583876
            ],
            [
              -89.4723232485723,
              43.06060196416915
            ],
            [
              -89.47240605423302,
              43.06058575321544
            ],
            [
              -89.47249145469921,
              43.06058029427612
            ],
            [
              -89.4725768551654,
              43.06058575321544
            ],
            [
              -89.47265966082611,
              43.06060196416915
            ],
            [
              -89.47273735571235,
              43.060628434583876
            ],
            [
              -89.47280757913337,
              43.060664360182095
            ],
            [
              -89.47286819740148,
              43.060708649398194
            ],
            [
              -89.47291736866127,
              43.06075995654324
            ],
            [
              -89.47295359885346,
              43.060816722691115
            ],
            [
              -89.47297578711297,
              43.06087722304376
            ],
            [
              -89.47298325922165,
              43.06093961933682
            ],
            [
              -89.47297578809878,
              43.0610020156934
            ],
            [
              -89.47295360070618,
              43.06106251622888
            ],
            [
              -89.47291737115742,
              43.06111928265688
            ],
            [
              -89.47286820024,
              43.06117059014556
            ],
            [
              -89.47280758197189,
              43.061214879727345
            ],
            [
              -89.47273735820852,
              43.0612508056692
            ],
            [
              -89.47265966267882,
              43.06127727636405
            ],
            [
              -89.4725768561512,
              43.061293487500606
            ],
            [
              -89.47249145469921,
              43.06129894650342
            ]
          ]
        ]
      }
    },
    {
      "type": "Feature",
      "properties": {
        "name": "Eastbound Whitney-Mineral Point - LH Mode"
      },
      "geometry": {
        "type": "Polygon",
        "coordinates": [
          [
            [
              -89.47271812126475,
              43.06126468461798
            ],
            [
              -89.47263271986047,
              43.06125922561517
            ],
            [
              -89.47254991337913,
              43.06124301447862
            ],
            [
              -89.47247221789286,
              43.06121654378376
            ],
            [
              -89.4724019941687,
              43.061180617841906
            ],
            [
              -89.47234137593449,
              43.06113632826013
            ],
            [
              -89.47229220504454,
              43.06108502077145
            ],
            [
              -89.47225597551602,
              43.061028254343455
            ],
            [
              -89.47223378813582,
              43.06096775380796
            ],
            [
              -89.47222631701712,
              43.06090535745139
            ],
            [
              -89.47223378912163,
              43.06084296115832
            ],
            [
              -89.47225597736873,
              43.06078246080567
            ],
            [
              -89.47229220754068,
              43.060725694657805
            ],
            [
              -89.472341378773,
              43.060674387512755
            ],
            [
              -89.47240199700722,
              43.06063009829666
            ],
            [
              -89.47247222038901,
              43.060594172698444
            ],
            [
              -89.47254991523184,
              43.06056770228371
            ],
            [
              -89.47263272084628,
              43.06055149133
            ],
            [
              -89.47271812126475,
              43.0605460323907
            ],
            [
              -89.47280352168322,
              43.06055149133
            ],
            [
              -89.47288632729766,
              43.06056770228371
            ],
            [
              -89.47296402214049,
              43.060594172698444
            ],
            [
              -89.47303424552226,
              43.06063009829666
            ],
            [
              -89.47309486375649,
              43.060674387512755
            ],
            [
              -89.4731440349888,
              43.060725694657805
            ],
            [
              -89.47318026516075,
              43.06078246080567
            ],
            [
              -89.47320245340786,
              43.06084296115832
            ],
            [
              -89.47320992551236,
              43.06090535745139
            ],
            [
              -89.47320245439367,
              43.06096775380796
            ],
            [
              -89.47318026701346,
              43.061028254343455
            ],
            [
              -89.47314403748496,
              43.06108502077145
            ],
            [
              -89.473094866595,
              43.06113632826013
            ],
            [
              -89.47303424836078,
              43.061180617841906
            ],
            [
              -89.47296402463664,
              43.06121654378376
            ],
            [
              -89.47288632915037,
              43.06124301447862
            ],
            [
              -89.47280352266903,
              43.06125922561517
            ],
            [
              -89.47271812126475,
              43.06126468461798
            ]
          ]
        ]
      }
    },
    {
      "type": "Feature",
      "properties": {
        "name": "Westbound Regent-Whitney - LH Mode"
      },
      "geometry": {
        "type": "Polygon",
        "coordinates": [
          [
            [
              -89.46835333907642,
              43.0682804267646
            ],
            [
              -89.46826792789795,
              43.068274967761774
            ],
            [
              -89.4681851119394,
              43.0682587566252
            ],
            [
              -89.46810740756091,
              43.068232285930314
            ],
            [
              -89.46803717579974,
              43.06819635998842
            ],
            [
              -89.46797655062782,
              43.06815207040659
            ],
            [
              -89.46792737411039,
              43.068100762917865
            ],
            [
              -89.46789114043554,
              43.06804399648984
            ],
            [
              -89.46786895051612,
              43.06798349595433
            ],
            [
              -89.46786147854247,
              43.06792109959775
            ],
            [
              -89.46786895150227,
              43.06785870330468
            ],
            [
              -89.4678911422889,
              43.06779820295206
            ],
            [
              -89.46792737660742,
              43.067741436804226
            ],
            [
              -89.46797655346735,
              43.06769012965922
            ],
            [
              -89.46803717863926,
              43.06764584044316
            ],
            [
              -89.46810741005797,
              43.06760991484499
            ],
            [
              -89.46818511379279,
              43.0675834444303
            ],
            [
              -89.4682679288841,
              43.067567233476616
            ],
            [
              -89.46835333907642,
              43.0675617745373
            ],
            [
              -89.46843874926873,
              43.067567233476616
            ],
            [
              -89.46852156436003,
              43.0675834444303
            ],
            [
              -89.46859926809486,
              43.06760991484499
            ],
            [
              -89.46866949951355,
              43.06764584044316
            ],
            [
              -89.46873012468546,
              43.06769012965922
            ],
            [
              -89.4687793015454,
              43.067741436804226
            ],
            [
              -89.46881553586391,
              43.06779820295206
            ],
            [
              -89.46883772665055,
              43.06785870330468
            ],
            [
              -89.46884519961034,
              43.06792109959775
            ],
            [
              -89.46883772763671,
              43.06798349595433
            ],
            [
              -89.46881553771729,
              43.06804399648984
            ],
            [
              -89.46877930404244,
              43.068100762917865
            ],
            [
              -89.468730127525,
              43.06815207040659
            ],
            [
              -89.4686695023531,
              43.06819635998842
            ],
            [
              -89.46859927059191,
              43.068232285930314
            ],
            [
              -89.46852156621343,
              43.0682587566252
            ],
            [
              -89.46843875025488,
              43.068274967761774
            ],
            [
              -89.46835333907642,
              43.0682804267646
            ]
          ]
        ]
      }
    },
    {
      "type": "Feature",
      "properties": {
        "name": "Eastbound Regent-Whitney - LH Mode"
      },
      "geometry": {
        "type": "Polygon",
        "coordinates": [
          [
            [
              -89.4684317134086,
              43.068114098714624
            ],
            [
              -89.4683463024619,
              43.0681086397118
            ],
            [
              -89.46826348672809,
              43.06809242857523
            ],
            [
              -89.46818578256045,
              43.068065957880336
            ],
            [
              -89.46811555098984,
              43.06803003193845
            ],
            [
              -89.46805492598244,
              43.06798574235662
            ],
            [
              -89.46800574959843,
              43.067934434867894
            ],
            [
              -89.4679695160219,
              43.06787766843987
            ],
            [
              -89.4679473261627,
              43.067817167904366
            ],
            [
              -89.46793985420933,
              43.067754771547776
            ],
            [
              -89.46794732714885,
              43.06769237525471
            ],
            [
              -89.46796951787526,
              43.067631874902084
            ],
            [
              -89.46800575209545,
              43.067575108754255
            ],
            [
              -89.46805492882196,
              43.06752380160925
            ],
            [
              -89.46811555382935,
              43.0674795123932
            ],
            [
              -89.46818578505747,
              43.067443586795015
            ],
            [
              -89.46826348858146,
              43.06741711638032
            ],
            [
              -89.46834630344806,
              43.06740090542664
            ],
            [
              -89.4684317134086,
              43.067395446487325
            ],
            [
              -89.46851712336915,
              43.06740090542664
            ],
            [
              -89.46859993823576,
              43.06741711638032
            ],
            [
              -89.46867764175974,
              43.067443586795015
            ],
            [
              -89.46874787298786,
              43.0674795123932
            ],
            [
              -89.46880849799525,
              43.06752380160925
            ],
            [
              -89.46885767472176,
              43.067575108754255
            ],
            [
              -89.46889390894195,
              43.067631874902084
            ],
            [
              -89.46891609966836,
              43.06769237525471
            ],
            [
              -89.46892357260788,
              43.067754771547776
            ],
            [
              -89.46891610065451,
              43.067817167904366
            ],
            [
              -89.46889391079532,
              43.06787766843987
            ],
            [
              -89.46885767721876,
              43.067934434867894
            ],
            [
              -89.46880850083477,
              43.06798574235662
            ],
            [
              -89.46874787582738,
              43.06803003193845
            ],
            [
              -89.46867764425676,
              43.068065957880336
            ],
            [
              -89.46859994008912,
              43.06809242857523
            ],
            [
              -89.4685171243553,
              43.0681086397118
            ],
            [
              -89.4684317134086,
              43.068114098714624
            ]
          ]
        ]
      }
    },
    {
      "type": "Feature",
      "properties": {
        "name": "Westbound Blair - LH Mode"
      },
      "geometry": {
        "type": "Polygon",
        "coordinates": [
          [
            [
              -89.37903931754224,
              43.07872336324363
            ],
            [
              -89.37895389180835,
              43.0787179042408
            ],
            [
              -89.37887106173669,
              43.07870169310419
            ],
            [
              -89.37879334411619,
              43.07867522240925
            ],
            [
              -89.3787231003865,
              43.078639296467294
            ],
            [
              -89.37866246488325,
              43.0785950068854
            ],
            [
              -89.37861327998552,
              43.07854369939661
            ],
            [
              -89.37857704013607,
              43.078486932968524
            ],
            [
              -89.37855484643535,
              43.07842643243299
            ],
            [
              -89.37854737318857,
              43.078364036076394
            ],
            [
              -89.37855484742204,
              43.078301639783334
            ],
            [
              -89.37857704199044,
              43.07824113943075
            ],
            [
              -89.3786132824839,
              43.07818437328297
            ],
            [
              -89.37866246772431,
              43.07813306613802
            ],
            [
              -89.37872310322756,
              43.07808877692204
            ],
            [
              -89.37879334661459,
              43.078052851323925
            ],
            [
              -89.37887106359106,
              43.078026380909286
            ],
            [
              -89.37895389279504,
              43.07801016995563
            ],
            [
              -89.37903931754224,
              43.078004711016334
            ],
            [
              -89.37912474228942,
              43.07801016995563
            ],
            [
              -89.37920757149341,
              43.078026380909286
            ],
            [
              -89.37928528846989,
              43.078052851323925
            ],
            [
              -89.3793555318569,
              43.07808877692204
            ],
            [
              -89.37941616736016,
              43.07813306613802
            ],
            [
              -89.37946535260056,
              43.07818437328297
            ],
            [
              -89.37950159309402,
              43.07824113943075
            ],
            [
              -89.37952378766244,
              43.078301639783334
            ],
            [
              -89.37953126189589,
              43.078364036076394
            ],
            [
              -89.37952378864911,
              43.07842643243299
            ],
            [
              -89.3795015949484,
              43.078486932968524
            ],
            [
              -89.37946535509896,
              43.07854369939661
            ],
            [
              -89.37941617020122,
              43.0785950068854
            ],
            [
              -89.37935553469796,
              43.078639296467294
            ],
            [
              -89.37928529096827,
              43.07867522240925
            ],
            [
              -89.37920757334777,
              43.07870169310419
            ],
            [
              -89.37912474327611,
              43.0787179042408
            ],
            [
              -89.37903931754224,
              43.07872336324363
            ]
          ]
        ]
      }
    },
    {
      "type": "Feature",
      "properties": {
        "name": "Eastbound Blair - LH Mode"
      },
      "geometry": {
        "type": "Polygon",
        "coordinates": [
          [
            [
              -89.37899662733386,
              43.078661423238486
            ],
            [
              -89.37891120168635,
              43.07865596423565
            ],
            [
              -89.3788283716984,
              43.07863975309905
            ],
            [
              -89.37875065415648,
              43.0786132824041
            ],
            [
              -89.3786804104978,
              43.07857735646214
            ],
            [
              -89.37861977505582,
              43.078533066880254
            ],
            [
              -89.37857059020781,
              43.07848175939147
            ],
            [
              -89.37853435039501,
              43.078424992963384
            ],
            [
              -89.37851215671671,
              43.07836449242784
            ],
            [
              -89.37850468347749,
              43.078302096071255
            ],
            [
              -89.3785121577034,
              43.0782396997782
            ],
            [
              -89.37853435224936,
              43.07817919942561
            ],
            [
              -89.3785705927062,
              43.07812243327783
            ],
            [
              -89.37861977789689,
              43.07807112613288
            ],
            [
              -89.37868041333884,
              43.078026836916905
            ],
            [
              -89.37875065665486,
              43.077990911318786
            ],
            [
              -89.37882837355278,
              43.07796444090414
            ],
            [
              -89.37891120267302,
              43.077948229950486
            ],
            [
              -89.37899662733386,
              43.077942771011195
            ],
            [
              -89.3790820519947,
              43.077948229950486
            ],
            [
              -89.37916488111496,
              43.07796444090414
            ],
            [
              -89.37924259801287,
              43.077990911318786
            ],
            [
              -89.37931284132888,
              43.078026836916905
            ],
            [
              -89.37937347677085,
              43.07807112613288
            ],
            [
              -89.37942266196154,
              43.07812243327783
            ],
            [
              -89.37945890241836,
              43.07817919942561
            ],
            [
              -89.37948109696433,
              43.0782396997782
            ],
            [
              -89.37948857119024,
              43.078302096071255
            ],
            [
              -89.37948109795101,
              43.07836449242784
            ],
            [
              -89.37945890427272,
              43.078424992963384
            ],
            [
              -89.37942266445991,
              43.07848175939147
            ],
            [
              -89.3793734796119,
              43.078533066880254
            ],
            [
              -89.37931284416995,
              43.07857735646214
            ],
            [
              -89.37924260051125,
              43.0786132824041
            ],
            [
              -89.37916488296932,
              43.07863975309905
            ],
            [
              -89.37908205298139,
              43.07865596423565
            ],
            [
              -89.37899662733386,
              43.078661423238486
            ]
          ]
        ]
      }
    },
    {
      "type": "Feature",
      "properties": {
        "name": "Westbound Paterson - LH Mode"
      },
      "geometry": {
        "type": "Polygon",
        "coordinates": [
          [
            [
              -89.3736314366015,
              43.082564435633145
            ],
            [
              -89.37354600551197,
              43.0825589766303
            ],
            [
              -89.37346317024738,
              43.082542765493685
            ],
            [
              -89.37338544775449,
              43.08251629479872
            ],
            [
              -89.37331519962096,
              43.08248036885674
            ],
            [
              -89.37325456031628,
              43.082436079274835
            ],
            [
              -89.37320537233504,
              43.082384771786025
            ],
            [
              -89.37316913021364,
              43.082328005357915
            ],
            [
              -89.37314693512158,
              43.08226750482236
            ],
            [
              -89.37313946140635,
              43.082205108465764
            ],
            [
              -89.37314693610847,
              43.08214271217272
            ],
            [
              -89.37316913206837,
              43.08208221182014
            ],
            [
              -89.3732053748339,
              43.08202544567238
            ],
            [
              -89.37325456315791,
              43.08197413852746
            ],
            [
              -89.37331520246259,
              43.0819298493115
            ],
            [
              -89.37338545025335,
              43.08189392371341
            ],
            [
              -89.3734631721021,
              43.081867453298784
            ],
            [
              -89.37354600649884,
              43.081851242345145
            ],
            [
              -89.3736314366015,
              43.08184578340585
            ],
            [
              -89.37371686670417,
              43.081851242345145
            ],
            [
              -89.37379970110089,
              43.081867453298784
            ],
            [
              -89.37387742294965,
              43.08189392371341
            ],
            [
              -89.37394767074042,
              43.0819298493115
            ],
            [
              -89.3740083100451,
              43.08197413852746
            ],
            [
              -89.3740574983691,
              43.08202544567238
            ],
            [
              -89.37409374113463,
              43.08208221182014
            ],
            [
              -89.37411593709453,
              43.08214271217272
            ],
            [
              -89.37412341179665,
              43.082205108465764
            ],
            [
              -89.37411593808142,
              43.08226750482236
            ],
            [
              -89.37409374298937,
              43.082328005357915
            ],
            [
              -89.37405750086798,
              43.082384771786025
            ],
            [
              -89.37400831288672,
              43.082436079274835
            ],
            [
              -89.37394767358204,
              43.08248036885674
            ],
            [
              -89.37387742544853,
              43.08251629479872
            ],
            [
              -89.37379970295564,
              43.082542765493685
            ],
            [
              -89.37371686769104,
              43.0825589766303
            ],
            [
              -89.3736314366015,
              43.082564435633145
            ]
          ]
        ]
      }
    },
    {
      "type": "Feature",
      "properties": {
        "name": "Eastbound Paterson - LH Mode"
      },
      "geometry": {
        "type": "Polygon",
        "coordinates": [
          [
            [
              -89.3735700654555,
              43.082516928661185
            ],
            [
              -89.3734846344322,
              43.08251146965835
            ],
            [
              -89.37340179923184,
              43.08249525852173
            ],
            [
              -89.37332407679922,
              43.08246878782676
            ],
            [
              -89.37325382872018,
              43.08243286188478
            ],
            [
              -89.37319318946251,
              43.08238857230287
            ],
            [
              -89.3731440015194,
              43.082337264814065
            ],
            [
              -89.37310775942612,
              43.08228049838596
            ],
            [
              -89.37308556435127,
              43.0822199978504
            ],
            [
              -89.37307809064184,
              43.082157601493805
            ],
            [
              -89.37308556533814,
              43.082095205200766
            ],
            [
              -89.37310776128085,
              43.08203470484818
            ],
            [
              -89.37314400401826,
              43.08197793870041
            ],
            [
              -89.37319319230413,
              43.0819266315555
            ],
            [
              -89.37325383156178,
              43.08188234233954
            ],
            [
              -89.37332407929809,
              43.08184641674145
            ],
            [
              -89.37340180108656,
              43.081819946326824
            ],
            [
              -89.37348463541908,
              43.081803735373185
            ],
            [
              -89.3735700654555,
              43.081798276433894
            ],
            [
              -89.3736554954919,
              43.081803735373185
            ],
            [
              -89.37373832982442,
              43.081819946326824
            ],
            [
              -89.37381605161289,
              43.08184641674145
            ],
            [
              -89.3738862993492,
              43.08188234233954
            ],
            [
              -89.37394693860686,
              43.0819266315555
            ],
            [
              -89.37399612689272,
              43.08197793870041
            ],
            [
              -89.37403236963014,
              43.08203470484818
            ],
            [
              -89.37405456557283,
              43.082095205200766
            ],
            [
              -89.37406204026915,
              43.082157601493805
            ],
            [
              -89.3740545665597,
              43.0822199978504
            ],
            [
              -89.37403237148487,
              43.08228049838596
            ],
            [
              -89.37399612939159,
              43.082337264814065
            ],
            [
              -89.37394694144847,
              43.08238857230287
            ],
            [
              -89.37388630219081,
              43.08243286188478
            ],
            [
              -89.37381605411177,
              43.08246878782676
            ],
            [
              -89.37373833167915,
              43.08249525852173
            ],
            [
              -89.37365549647879,
              43.08251146965835
            ],
            [
              -89.3735700654555,
              43.082516928661185
            ]
          ]
        ]
      }
    },
    {
      "type": "Feature",
      "properties": {
        "name": "Milwaukee-North Westbound - LH Mode"
      },
      "geometry": {
        "type": "Polygon",
        "coordinates": [
          [
            [
              -89.34910597992979,
              43.100416662760225
            ],
            [
              -89.34902052393477,
              43.10041120375736
            ],
            [
              -89.34893766452147,
              43.100394992620686
            ],
            [
              -89.34885991937043,
              43.10036852192564
            ],
            [
              -89.34878965075784,
              43.10033259598356
            ],
            [
              -89.34872899377537,
              43.10028830640152
            ],
            [
              -89.34867979145476,
              43.10023699891261
            ],
            [
              -89.34864353876813,
              43.10018023248442
            ],
            [
              -89.34862133720597,
              43.1001197319488
            ],
            [
              -89.34861386131227,
              43.10005733559219
            ],
            [
              -89.34862133819374,
              43.09999493929916
            ],
            [
              -89.34864354062456,
              43.09993443894664
            ],
            [
              -89.34867979395592,
              43.09987767279897
            ],
            [
              -89.34872899661958,
              43.09982636565415
            ],
            [
              -89.34878965360205,
              43.0997820764383
            ],
            [
              -89.34885992187161,
              43.099746150840325
            ],
            [
              -89.34893766637789,
              43.099719680425785
            ],
            [
              -89.34902052492254,
              43.0997034694722
            ],
            [
              -89.34910597992979,
              43.099698010532926
            ],
            [
              -89.34919143493703,
              43.0997034694722
            ],
            [
              -89.34927429348168,
              43.099719680425785
            ],
            [
              -89.34935203798797,
              43.099746150840325
            ],
            [
              -89.34942230625752,
              43.0997820764383
            ],
            [
              -89.34948296323999,
              43.09982636565415
            ],
            [
              -89.34953216590365,
              43.09987767279897
            ],
            [
              -89.349568419235,
              43.09993443894664
            ],
            [
              -89.34959062166584,
              43.09999493929916
            ],
            [
              -89.3495980985473,
              43.10005733559219
            ],
            [
              -89.34959062265361,
              43.1001197319488
            ],
            [
              -89.34956842109145,
              43.10018023248442
            ],
            [
              -89.34953216840482,
              43.10023699891261
            ],
            [
              -89.34948296608421,
              43.10028830640152
            ],
            [
              -89.34942230910174,
              43.10033259598356
            ],
            [
              -89.34935204048915,
              43.10036852192564
            ],
            [
              -89.3492742953381,
              43.100394992620686
            ],
            [
              -89.34919143592481,
              43.10041120375736
            ],
            [
              -89.34910597992979,
              43.100416662760225
            ]
          ]
        ]
      }
    },
    {
      "type": "Feature",
      "properties": {
        "name": "In Wright-Fair Oaks - LH Mode"
      },
      "geometry": {
        "type": "Polygon",
        "coordinates": [
          [
            [
              -89.33077244470775,
              43.11340599411728
            ],
            [
              -89.33068697057708,
              43.1134005351144
            ],
            [
              -89.33060409357921,
              43.113384323977684
            ],
            [
              -89.330526331929,
              43.11335785328257
            ],
            [
              -89.33045604840395,
              43.11332192734041
            ],
            [
              -89.3303953785489,
              43.1132776377583
            ],
            [
              -89.33034616578668,
              43.113226330269306
            ],
            [
              -89.33030990540668,
              43.113169563841055
            ],
            [
              -89.3302876991331,
              43.113109063305394
            ],
            [
              -89.3302802216531,
              43.11304666694877
            ],
            [
              -89.33028770012154,
              43.11298427065575
            ],
            [
              -89.33030990726435,
              43.112923770303276
            ],
            [
              -89.33034616828951,
              43.11286700415566
            ],
            [
              -89.33039538139501,
              43.11281569701092
            ],
            [
              -89.33045605125007,
              43.11277140779516
            ],
            [
              -89.33052633443184,
              43.11273548219726
            ],
            [
              -89.33060409543688,
              43.11270901178278
            ],
            [
              -89.33068697156553,
              43.11269280082925
            ],
            [
              -89.33077244470775,
              43.11268734188998
            ],
            [
              -89.33085791784998,
              43.11269280082925
            ],
            [
              -89.33094079397863,
              43.11270901178278
            ],
            [
              -89.33101855498367,
              43.11273548219726
            ],
            [
              -89.33108883816544,
              43.11277140779516
            ],
            [
              -89.3311495080205,
              43.11281569701092
            ],
            [
              -89.331198721126,
              43.11286700415566
            ],
            [
              -89.33123498215116,
              43.112923770303276
            ],
            [
              -89.33125718929396,
              43.11298427065575
            ],
            [
              -89.33126466776241,
              43.11304666694877
            ],
            [
              -89.33125719028241,
              43.113109063305394
            ],
            [
              -89.33123498400883,
              43.113169563841055
            ],
            [
              -89.33119872362883,
              43.113226330269306
            ],
            [
              -89.33114951086661,
              43.1132776377583
            ],
            [
              -89.33108884101156,
              43.11332192734041
            ],
            [
              -89.33101855748652,
              43.11335785328257
            ],
            [
              -89.3309407958363,
              43.113384323977684
            ],
            [
              -89.33085791883843,
              43.1134005351144
            ],
            [
              -89.33077244470775,
              43.11340599411728
            ]
          ]
        ]
      }
    },
    {
      "type": "Feature",
      "properties": {
        "name": "Out Wright-Fair Oaks - LH Mode"
      },
      "geometry": {
        "type": "Polygon",
        "coordinates": [
          [
            [
              -89.33090693686076,
              43.113149888501866
            ],
            [
              -89.33082146308776,
              43.11314442949898
            ],
            [
              -89.33073858643671,
              43.11312821836226
            ],
            [
              -89.33066082511192,
              43.11310174766716
            ],
            [
              -89.330590541881,
              43.113065821724994
            ],
            [
              -89.33052987227983,
              43.11302153214288
            ],
            [
              -89.33048065972355,
              43.112970224653886
            ],
            [
              -89.33044439949528,
              43.112913458225634
            ],
            [
              -89.33042219331463,
              43.11285295768998
            ],
            [
              -89.33041471586591,
              43.112790561333355
            ],
            [
              -89.33042219430305,
              43.11272816504034
            ],
            [
              -89.33044440135292,
              43.11266766468786
            ],
            [
              -89.33048066222634,
              43.112610898540254
            ],
            [
              -89.3305298751259,
              43.11255959139551
            ],
            [
              -89.33059054472707,
              43.112515302179744
            ],
            [
              -89.33066082761472,
              43.11247937658184
            ],
            [
              -89.33073858829435,
              43.11245290616736
            ],
            [
              -89.33082146407621,
              43.11243669521383
            ],
            [
              -89.33090693686076,
              43.11243123627456
            ],
            [
              -89.3309924096453,
              43.11243669521383
            ],
            [
              -89.33107528542715,
              43.11245290616736
            ],
            [
              -89.33115304610678,
              43.11247937658184
            ],
            [
              -89.33122332899443,
              43.112515302179744
            ],
            [
              -89.3312839985956,
              43.11255959139551
            ],
            [
              -89.33133321149516,
              43.112610898540254
            ],
            [
              -89.33136947236858,
              43.11266766468786
            ],
            [
              -89.33139167941845,
              43.11272816504034
            ],
            [
              -89.33139915785559,
              43.112790561333355
            ],
            [
              -89.33139168040687,
              43.11285295768998
            ],
            [
              -89.33136947422622,
              43.112913458225634
            ],
            [
              -89.33133321399795,
              43.112970224653886
            ],
            [
              -89.33128400144167,
              43.11302153214288
            ],
            [
              -89.3312233318405,
              43.113065821724994
            ],
            [
              -89.33115304860958,
              43.11310174766716
            ],
            [
              -89.33107528728479,
              43.11312821836226
            ],
            [
              -89.33099241063374,
              43.11314442949898
            ],
            [
              -89.33090693686076,
              43.113149888501866
            ]
          ]
        ]
      }
    },
    {
      "type": "Feature",
      "properties": {
        "name": "Milwaukee-North Eastbound - LH Mode"
      },
      "geometry": {
        "type": "Polygon",
        "coordinates": [
          [
            [
              -89.34847763109521,
              43.1010631423967
            ],
            [
              -89.34839217419785,
              43.10105768339383
            ],
            [
              -89.34830931390965,
              43.10104147225716
            ],
            [
              -89.34823156793772,
              43.10101500156211
            ],
            [
              -89.34816129858315,
              43.10097907562002
            ],
            [
              -89.34810064096023,
              43.10093478603798
            ],
            [
              -89.34805143812011,
              43.100883478549065
            ],
            [
              -89.3480151850507,
              43.10082671212088
            ],
            [
              -89.34799298325412,
              43.10076621158526
            ],
            [
              -89.34798550728149,
              43.10070381522864
            ],
            [
              -89.34799298424194,
              43.10064141893561
            ],
            [
              -89.34801518690719,
              43.10058091858309
            ],
            [
              -89.34805144062135,
              43.10052415243542
            ],
            [
              -89.34810064380454,
              43.10047284529061
            ],
            [
              -89.34816130142747,
              43.10042855607477
            ],
            [
              -89.34823157043897,
              43.10039263047679
            ],
            [
              -89.34830931576614,
              43.10036616006226
            ],
            [
              -89.34839217518568,
              43.10034994910868
            ],
            [
              -89.34847763109521,
              43.100344490169405
            ],
            [
              -89.34856308700475,
              43.10034994910868
            ],
            [
              -89.34864594642427,
              43.10036616006226
            ],
            [
              -89.34872369175145,
              43.10039263047679
            ],
            [
              -89.34879396076295,
              43.10042855607477
            ],
            [
              -89.34885461838589,
              43.10047284529061
            ],
            [
              -89.34890382156908,
              43.10052415243542
            ],
            [
              -89.34894007528322,
              43.10058091858309
            ],
            [
              -89.34896227794849,
              43.10064141893561
            ],
            [
              -89.34896975490892,
              43.10070381522864
            ],
            [
              -89.34896227893631,
              43.10076621158526
            ],
            [
              -89.34894007713972,
              43.10082671212088
            ],
            [
              -89.34890382407032,
              43.100883478549065
            ],
            [
              -89.3488546212302,
              43.10093478603798
            ],
            [
              -89.34879396360726,
              43.10097907562002
            ],
            [
              -89.3487236942527,
              43.10101500156211
            ],
            [
              -89.34864594828078,
              43.10104147225716
            ],
            [
              -89.34856308799257,
              43.10105768339383
            ],
            [
              -89.34847763109521,
              43.1010631423967
            ]
          ]
        ]
      }
    },
    {
      "type": "Feature",
      "properties": {
        "name": "Milwaukee-North to South - LH Mode"
      },
      "geometry": {
        "type": "Polygon",
        "coordinates": [
          [
            [
              -89.34911837223763,
              43.100426031117124
            ],
            [
              -89.34903291622953,
              43.10042057211426
            ],
            [
              -89.34895005680355,
              43.100404360977585
            ],
            [
              -89.34887231164063,
              43.10037789028254
            ],
            [
              -89.34880204301727,
              43.10034196434045
            ],
            [
              -89.34874138602552,
              43.10029767475842
            ],
            [
              -89.34869218369738,
              43.1002463672695
            ],
            [
              -89.34865593100521,
              43.10018960084131
            ],
            [
              -89.34863372943965,
              43.1001291003057
            ],
            [
              -89.34862625354481,
              43.10006670394909
            ],
            [
              -89.34863373042744,
              43.10000430765606
            ],
            [
              -89.34865593286165,
              43.09994380730354
            ],
            [
              -89.34869218619855,
              43.09988704115587
            ],
            [
              -89.34874138886974,
              43.099835734011045
            ],
            [
              -89.3488020458615,
              43.0997914447952
            ],
            [
              -89.34887231414179,
              43.09975551919722
            ],
            [
              -89.34895005865998,
              43.09972904878268
            ],
            [
              -89.34903291721731,
              43.099712837829095
            ],
            [
              -89.34911837223763,
              43.099707378889825
            ],
            [
              -89.34920382725794,
              43.099712837829095
            ],
            [
              -89.34928668581527,
              43.09972904878268
            ],
            [
              -89.34936443033347,
              43.09975551919722
            ],
            [
              -89.34943469861376,
              43.0997914447952
            ],
            [
              -89.34949535560551,
              43.099835734011045
            ],
            [
              -89.34954455827672,
              43.09988704115587
            ],
            [
              -89.3495808116136,
              43.09994380730354
            ],
            [
              -89.34960301404782,
              43.10000430765606
            ],
            [
              -89.34961049093044,
              43.10006670394909
            ],
            [
              -89.34960301503561,
              43.1001291003057
            ],
            [
              -89.34958081347004,
              43.10018960084131
            ],
            [
              -89.34954456077787,
              43.1002463672695
            ],
            [
              -89.34949535844973,
              43.10029767475842
            ],
            [
              -89.349434701458,
              43.10034196434045
            ],
            [
              -89.34936443283463,
              43.10037789028254
            ],
            [
              -89.34928668767171,
              43.100404360977585
            ],
            [
              -89.34920382824573,
              43.10042057211426
            ],
            [
              -89.34911837223763,
              43.100426031117124
            ]
          ]
        ]
      }
    },
    {
      "type": "Feature",
      "properties": {
        "name": "Junction south bay - LH Mode"
      },
      "geometry": {
        "type": "Polygon",
        "coordinates": [
          [
            [
              -89.52779143666257,
              43.057849901166406
            ],
            [
              -89.52770604001444,
              43.05784444216358
            ],
            [
              -89.5276232381447,
              43.05782823102704
            ],
            [
              -89.5275455469854,
              43.057801760332204
            ],
            [
              -89.5274753271721,
              43.05776583439037
            ],
            [
              -89.52741471231376,
              43.05772154480862
            ],
            [
              -89.52736554416215,
              43.057670237319954
            ],
            [
              -89.52732931665126,
              43.05761347089197
            ],
            [
              -89.52730713050664,
              43.0575529703565
            ],
            [
              -89.52729965980396,
              43.05749057399993
            ],
            [
              -89.52730713149226,
              43.05742817770685
            ],
            [
              -89.52732931850363,
              43.05736767735419
            ],
            [
              -89.52736554665786,
              43.057310911206315
            ],
            [
              -89.52741471515178,
              43.05725960406124
            ],
            [
              -89.5274753300101,
              43.05721531484513
            ],
            [
              -89.5275455494811,
              43.05717938924688
            ],
            [
              -89.52762323999708,
              43.05715291883215
            ],
            [
              -89.52770604100006,
              43.05713670787843
            ],
            [
              -89.52779143666257,
              43.0571312489391
            ],
            [
              -89.52787683232508,
              43.05713670787843
            ],
            [
              -89.52795963332807,
              43.05715291883215
            ],
            [
              -89.52803732384405,
              43.05717938924688
            ],
            [
              -89.52810754331503,
              43.05721531484513
            ],
            [
              -89.52816815817337,
              43.05725960406124
            ],
            [
              -89.52821732666727,
              43.057310911206315
            ],
            [
              -89.5282535548215,
              43.05736767735419
            ],
            [
              -89.52827574183289,
              43.05742817770685
            ],
            [
              -89.52828321352119,
              43.05749057399993
            ],
            [
              -89.52827574281851,
              43.0575529703565
            ],
            [
              -89.52825355667389,
              43.05761347089197
            ],
            [
              -89.528217329163,
              43.057670237319954
            ],
            [
              -89.5281681610114,
              43.05772154480862
            ],
            [
              -89.52810754615304,
              43.05776583439037
            ],
            [
              -89.52803732633974,
              43.057801760332204
            ],
            [
              -89.52795963518045,
              43.05782823102704
            ],
            [
              -89.52787683331071,
              43.05784444216358
            ],
            [
              -89.52779143666257,
              43.057849901166406
            ]
          ]
        ]
      }
    },
    {
      "type": "Feature",
      "properties": {
        "name": "Junction middle bay - LH Mode"
      },
      "geometry": {
        "type": "Polygon",
        "coordinates": [
          [
            [
              -89.52782817405449,
              43.05810620835789
            ],
            [
              -89.5277427770494,
              43.058100749355084
            ],
            [
              -89.52765997483355,
              43.058084538218544
            ],
            [
              -89.5275822833495,
              43.0580580675237
            ],
            [
              -89.52751206324268,
              43.05802214158187
            ],
            [
              -89.52745144813098,
              43.05797785200011
            ],
            [
              -89.52740227977385,
              43.05792654451145
            ],
            [
              -89.52736605211155,
              43.05786977808347
            ],
            [
              -89.52734386587417,
              43.05780927754799
            ],
            [
              -89.52733639514027,
              43.05774688119142
            ],
            [
              -89.52734386685982,
              43.057684484898346
            ],
            [
              -89.52736605396395,
              43.057623984545685
            ],
            [
              -89.52740228226959,
              43.05756721839781
            ],
            [
              -89.52745145096902,
              43.05751591125274
            ],
            [
              -89.52751206608075,
              43.057471622036616
            ],
            [
              -89.52758228584526,
              43.05743569643838
            ],
            [
              -89.52765997668597,
              43.05740922602364
            ],
            [
              -89.52774277803503,
              43.05739301506992
            ],
            [
              -89.52782817405449,
              43.05738755613061
            ],
            [
              -89.52791357007395,
              43.05739301506992
            ],
            [
              -89.52799637142303,
              43.05740922602364
            ],
            [
              -89.52807406226374,
              43.05743569643838
            ],
            [
              -89.52814428202825,
              43.057471622036616
            ],
            [
              -89.52820489713996,
              43.05751591125274
            ],
            [
              -89.52825406583939,
              43.05756721839781
            ],
            [
              -89.52829029414505,
              43.057623984545685
            ],
            [
              -89.52831248124916,
              43.057684484898346
            ],
            [
              -89.52831995296872,
              43.05774688119142
            ],
            [
              -89.52831248223482,
              43.05780927754799
            ],
            [
              -89.52829029599745,
              43.05786977808347
            ],
            [
              -89.52825406833514,
              43.05792654451145
            ],
            [
              -89.52820489997802,
              43.05797785200011
            ],
            [
              -89.52814428486631,
              43.05802214158187
            ],
            [
              -89.52807406475948,
              43.0580580675237
            ],
            [
              -89.52799637327544,
              43.058084538218544
            ],
            [
              -89.5279135710596,
              43.058100749355084
            ],
            [
              -89.52782817405449,
              43.05810620835789
            ]
          ]
        ]
      }
    },
    {
      "type": "Feature",
      "properties": {
        "name": "Segoe Northbound - LH Mode"
      },
      "geometry": {
        "type": "Polygon",
        "coordinates": [
          [
            [
              -89.45677240108152,
              43.07366762105867
            ],
            [
              -89.45668698239534,
              43.07366216205583
            ],
            [
              -89.45660415915721,
              43.07364595091924
            ],
            [
              -89.45652644794845,
              43.07361948022433
            ],
            [
              -89.45645621001387,
              43.0735835542824
            ],
            [
              -89.45639557951303,
              43.07353926470055
            ],
            [
              -89.456346398673,
              43.073487957211796
            ],
            [
              -89.45631016181329,
              43.07343119078373
            ],
            [
              -89.45628796994346,
              43.073370690248204
            ],
            [
              -89.45628049731314,
              43.07330829389162
            ],
            [
              -89.45628797092989,
              43.073245897598554
            ],
            [
              -89.45631016366718,
              43.07318539724595
            ],
            [
              -89.45634640117075,
              43.07312863109814
            ],
            [
              -89.45639558235335,
              43.073077323953164
            ],
            [
              -89.45645621285419,
              43.07303303473715
            ],
            [
              -89.45652645044619,
              43.07299710913901
            ],
            [
              -89.45660416101109,
              43.07297063872435
            ],
            [
              -89.45668698338177,
              43.07295442777068
            ],
            [
              -89.45677240108152,
              43.07294896883137
            ],
            [
              -89.45685781878129,
              43.07295442777068
            ],
            [
              -89.45694064115196,
              43.07297063872435
            ],
            [
              -89.45701835171685,
              43.07299710913901
            ],
            [
              -89.45708858930885,
              43.07303303473715
            ],
            [
              -89.4571492198097,
              43.073077323953164
            ],
            [
              -89.4571984009923,
              43.07312863109814
            ],
            [
              -89.45723463849586,
              43.07318539724595
            ],
            [
              -89.45725683123315,
              43.073245897598554
            ],
            [
              -89.45726430484991,
              43.07330829389162
            ],
            [
              -89.45725683221958,
              43.073370690248204
            ],
            [
              -89.45723464034977,
              43.07343119078373
            ],
            [
              -89.45719840349004,
              43.073487957211796
            ],
            [
              -89.45714922265002,
              43.07353926470055
            ],
            [
              -89.45708859214918,
              43.0735835542824
            ],
            [
              -89.4570183542146,
              43.07361948022433
            ],
            [
              -89.45694064300584,
              43.07364595091924
            ],
            [
              -89.4568578197677,
              43.07366216205583
            ],
            [
              -89.45677240108152,
              43.07366762105867
            ]
          ]
        ]
      }
    }
  ]
}